brand_name_raw,상호명,지점명,시도명,시군구명,match_method,match_confidence,review_reason
곤트란쉐리에(Gontran Cherrier),비에쓰마트곤트란쉐리에,개포점,서울특별시,강남구,contains_nonprefix,low,브랜드명이 상호명 맨 앞이 아닌 중간/뒤에 위치 (접두어 불일치)
곤트란쉐리에(Gontran Cherrier),세형곤트란쉐리에경기광주점,,경기도,광주시,contains_nonprefix,low,브랜드명이 상호명 맨 앞이 아닌 중간/뒤에 위치 (접두어 불일치)
그여행(B.H.F.H),그여행용황점,,경상북도,경주시,prefix_short_brand,medium_short_brand,브랜드명이 짧아(4자 미만) 접두어가 일치해도 동명의 무관한 개인 상호일 가능성 있음
그여행(B.H.F.H),그여행문덕점,,경상북도,포항시 남구,prefix_short_brand,medium_short_brand,브랜드명이 짧아(4자 미만) 접두어가 일치해도 동명의 무관한 개인 상호일 가능성 있음
그여행(B.H.F.H),그여행포항역점,,경상북도,포항시 북구,prefix_short_brand,medium_short_brand,브랜드명이 짧아(4자 미만) 접두어가 일치해도 동명의 무관한 개인 상호일 가능성 있음
그여행(B.H.F.H),그여행옥동점,,울산광역시,남구,prefix_short_brand,medium_short_brand,브랜드명이 짧아(4자 미만) 접두어가 일치해도 동명의 무관한 개인 상호일 가능성 있음
꽈배기진,청춘꽈배기진천시니어클럽,,충청북도,진천군,contains_nonprefix,low,브랜드명이 상호명 맨 앞이 아닌 중간/뒤에 위치 (접두어 불일치)
꽈배기진,황제찹쌀꽈배기진산점,,충청남도,금산군,contains_nonprefix,low,브랜드명이 상호명 맨 앞이 아닌 중간/뒤에 위치 (접두어 불일치)
꽈배기진,행복한찹쌀꽈배기진해신항점,,경상남도,창원시 진해구,contains_nonprefix,low,브랜드명이 상호명 맨 앞이 아닌 중간/뒤에 위치 (접두어 불일치)
꽈배기진,근덕이삼척꽈배기진부점,,강원특별자치도,평창군,contains_nonprefix,low,브랜드명이 상호명 맨 앞이 아닌 중간/뒤에 위치 (접두어 불일치)
뉴욕베이글,찐스뉴욕베이글,,경기도,수원시 장안구,contains_nonprefix,low,브랜드명이 상호명 맨 앞이 아닌 중간/뒤에 위치 (접두어 불일치)
대신땅콩빵,무화대신땅콩빵왜관점,,경상북도,칠곡군,contains_nonprefix,low,브랜드명이 상호명 맨 앞이 아닌 중간/뒤에 위치 (접두어 불일치)
더베이크,어나더베이크,,경기도,성남시 분당구,contains_nonprefix,low,브랜드명이 상호명 맨 앞이 아닌 중간/뒤에 위치 (접두어 불일치)
더베이크,어바웃더베이크,,경상북도,경산시,contains_nonprefix,low,브랜드명이 상호명 맨 앞이 아닌 중간/뒤에 위치 (접두어 불일치)
더베이크,아더베이크샵,,경상북도,경산시,contains_nonprefix,low,브랜드명이 상호명 맨 앞이 아닌 중간/뒤에 위치 (접두어 불일치)
더베이크,언더베이크,,부산광역시,서구,contains_nonprefix,low,브랜드명이 상호명 맨 앞이 아닌 중간/뒤에 위치 (접두어 불일치)
더베이크,킨보이더베이크순천,호수공원점,전남광주통합특별시,순천시,contains_nonprefix,low,브랜드명이 상호명 맨 앞이 아닌 중간/뒤에 위치 (접두어 불일치)
던킨/던킨도너츠,던킨도너츠인하대,병원점,인천광역시,제물포구,prefix_short_brand,medium_short_brand,브랜드명이 짧아(4자 미만) 접두어가 일치해도 동명의 무관한 개인 상호일 가능성 있음
던킨/던킨도너츠,던킨도넛송도,신도시점,인천광역시,연수구,prefix_short_brand,medium_short_brand,브랜드명이 짧아(4자 미만) 접두어가 일치해도 동명의 무관한 개인 상호일 가능성 있음
던킨/던킨도너츠,던킨검단,중앙역점,인천광역시,검단구,prefix_short_brand,medium_short_brand,브랜드명이 짧아(4자 미만) 접두어가 일치해도 동명의 무관한 개인 상호일 가능성 있음
던킨/던킨도너츠,던킨도너츠부평세림병원,,인천광역시,부평구,prefix_short_brand,medium_short_brand,브랜드명이 짧아(4자 미만) 접두어가 일치해도 동명의 무관한 개인 상호일 가능성 있음
던킨/던킨도너츠,던킨도넛츠,,인천광역시,남동구,prefix_short_brand,medium_short_brand,브랜드명이 짧아(4자 미만) 접두어가 일치해도 동명의 무관한 개인 상호일 가능성 있음
던킨/던킨도너츠,던킨인천,신논현점,인천광역시,남동구,prefix_short_brand,medium_short_brand,브랜드명이 짧아(4자 미만) 접두어가 일치해도 동명의 무관한 개인 상호일 가능성 있음
던킨/던킨도너츠,던킨인천운남점,,인천광역시,영종구,prefix_short_brand,medium_short_brand,브랜드명이 짧아(4자 미만) 접두어가 일치해도 동명의 무관한 개인 상호일 가능성 있음
던킨/던킨도너츠,던킨송도,센트럴점,인천광역시,연수구,prefix_short_brand,medium_short_brand,브랜드명이 짧아(4자 미만) 접두어가 일치해도 동명의 무관한 개인 상호일 가능성 있음
던킨/던킨도너츠,던킨인천,청라점,인천광역시,서해구,prefix_short_brand,medium_short_brand,브랜드명이 짧아(4자 미만) 접두어가 일치해도 동명의 무관한 개인 상호일 가능성 있음
던킨/던킨도너츠,던킨도너츠인천영종점,,인천광역시,영종구,prefix_short_brand,medium_short_brand,브랜드명이 짧아(4자 미만) 접두어가 일치해도 동명의 무관한 개인 상호일 가능성 있음
던킨/던킨도너츠,던킨도너츠인천신,동춘점,인천광역시,연수구,prefix_short_brand,medium_short_brand,브랜드명이 짧아(4자 미만) 접두어가 일치해도 동명의 무관한 개인 상호일 가능성 있음
던킨/던킨도너츠,던킨석바위시장역점,,인천광역시,미추홀구,prefix_short_brand,medium_short_brand,브랜드명이 짧아(4자 미만) 접두어가 일치해도 동명의 무관한 개인 상호일 가능성 있음
던킨/던킨도너츠,던킨도너츠청라,홈플러스점,인천광역시,서해구,prefix_short_brand,medium_short_brand,브랜드명이 짧아(4자 미만) 접두어가 일치해도 동명의 무관한 개인 상호일 가능성 있음
던킨/던킨도너츠,던킨공항철도검암역,,인천광역시,서해구,prefix_short_brand,medium_short_brand,브랜드명이 짧아(4자 미만) 접두어가 일치해도 동명의 무관한 개인 상호일 가능성 있음
던킨/던킨도너츠,던킨인천W,병원점,인천광역시,미추홀구,prefix_short_brand,medium_short_brand,브랜드명이 짧아(4자 미만) 접두어가 일치해도 동명의 무관한 개인 상호일 가능성 있음
던킨/던킨도너츠,던킨인천서창,,인천광역시,남동구,prefix_short_brand,medium_short_brand,브랜드명이 짧아(4자 미만) 접두어가 일치해도 동명의 무관한 개인 상호일 가능성 있음
던킨/던킨도너츠,던킨인천,당하점,인천광역시,검단구,prefix_short_brand,medium_short_brand,브랜드명이 짧아(4자 미만) 접두어가 일치해도 동명의 무관한 개인 상호일 가능성 있음
던킨/던킨도너츠,던킨도너츠인천,검단점,인천광역시,검단구,prefix_short_brand,medium_short_brand,브랜드명이 짧아(4자 미만) 접두어가 일치해도 동명의 무관한 개인 상호일 가능성 있음
던킨/던킨도너츠,던킨송도힐스레이크점,,인천광역시,연수구,prefix_short_brand,medium_short_brand,브랜드명이 짧아(4자 미만) 접두어가 일치해도 동명의 무관한 개인 상호일 가능성 있음
던킨/던킨도너츠,던킨도너츠광주,터미널점,전남광주통합특별시,서구,prefix_short_brand,medium_short_brand,브랜드명이 짧아(4자 미만) 접두어가 일치해도 동명의 무관한 개인 상호일 가능성 있음
던킨/던킨도너츠,던킨도너츠기독,병원점,전남광주통합특별시,남구,prefix_short_brand,medium_short_brand,브랜드명이 짧아(4자 미만) 접두어가 일치해도 동명의 무관한 개인 상호일 가능성 있음
던킨/던킨도너츠,던킨도너츠전주고속,터미널점,전북특별자치도,전주시 덕진구,prefix_short_brand,medium_short_brand,브랜드명이 짧아(4자 미만) 접두어가 일치해도 동명의 무관한 개인 상호일 가능성 있음
던킨/던킨도너츠,던킨도넛군산에어베이스점,,전북특별자치도,군산시,prefix_short_brand,medium_short_brand,브랜드명이 짧아(4자 미만) 접두어가 일치해도 동명의 무관한 개인 상호일 가능성 있음
던킨/던킨도너츠,던킨광주,동림점,전남광주통합특별시,서구,prefix_short_brand,medium_short_brand,브랜드명이 짧아(4자 미만) 접두어가 일치해도 동명의 무관한 개인 상호일 가능성 있음
던킨/던킨도너츠,던킨도너츠광주첨단점,롯데마트,전남광주통합특별시,광산구,prefix_short_brand,medium_short_brand,브랜드명이 짧아(4자 미만) 접두어가 일치해도 동명의 무관한 개인 상호일 가능성 있음
던킨/던킨도너츠,던킨도너츠광양읍점,,전남광주통합특별시,광양시,prefix_short_brand,medium_short_brand,브랜드명이 짧아(4자 미만) 접두어가 일치해도 동명의 무관한 개인 상호일 가능성 있음
던킨/던킨도너츠,던킨도너츠광주신용점,,전남광주통합특별시,북구,prefix_short_brand,medium_short_brand,브랜드명이 짧아(4자 미만) 접두어가 일치해도 동명의 무관한 개인 상호일 가능성 있음
던킨/던킨도너츠,던킨도너츠조례점,,전남광주통합특별시,순천시,prefix_short_brand,medium_short_brand,브랜드명이 짧아(4자 미만) 접두어가 일치해도 동명의 무관한 개인 상호일 가능성 있음
던킨/던킨도너츠,던킨도너츠목포기독,병원점,전남광주통합특별시,목포시,prefix_short_brand,medium_short_brand,브랜드명이 짧아(4자 미만) 접두어가 일치해도 동명의 무관한 개인 상호일 가능성 있음
던킨/던킨도너츠,던킨광주,수완점,전남광주통합특별시,광산구,prefix_short_brand,medium_short_brand,브랜드명이 짧아(4자 미만) 접두어가 일치해도 동명의 무관한 개인 상호일 가능성 있음
던킨/던킨도너츠,던킨도너츠아이맘아동,병원점,전남광주통합특별시,북구,prefix_short_brand,medium_short_brand,브랜드명이 짧아(4자 미만) 접두어가 일치해도 동명의 무관한 개인 상호일 가능성 있음
던킨/던킨도너츠,던킨광주,봉선점,전남광주통합특별시,남구,prefix_short_brand,medium_short_brand,브랜드명이 짧아(4자 미만) 접두어가 일치해도 동명의 무관한 개인 상호일 가능성 있음
던킨/던킨도너츠,던킨광주,하남점,전남광주통합특별시,광산구,prefix_short_brand,medium_short_brand,브랜드명이 짧아(4자 미만) 접두어가 일치해도 동명의 무관한 개인 상호일 가능성 있음
던킨/던킨도너츠,던킨여천제일,병원점,전남광주통합특별시,여수시,prefix_short_brand,medium_short_brand,브랜드명이 짧아(4자 미만) 접두어가 일치해도 동명의 무관한 개인 상호일 가능성 있음
던킨/던킨도너츠,던킨도너츠나주,혁신점,전남광주통합특별시,나주시,prefix_short_brand,medium_short_brand,브랜드명이 짧아(4자 미만) 접두어가 일치해도 동명의 무관한 개인 상호일 가능성 있음
던킨/던킨도너츠,던킨순천용당점,,전남광주통합특별시,순천시,prefix_short_brand,medium_short_brand,브랜드명이 짧아(4자 미만) 접두어가 일치해도 동명의 무관한 개인 상호일 가능성 있음
던킨/던킨도너츠,던킨도너츠순천,터미널점,전남광주통합특별시,순천시,prefix_short_brand,medium_short_brand,브랜드명이 짧아(4자 미만) 접두어가 일치해도 동명의 무관한 개인 상호일 가능성 있음
던킨/던킨도너츠,던킨도너츠여수웅천점,,전남광주통합특별시,여수시,prefix_short_brand,medium_short_brand,브랜드명이 짧아(4자 미만) 접두어가 일치해도 동명의 무관한 개인 상호일 가능성 있음
던킨/던킨도너츠,던킨도너츠남악점,롯데마트,전남광주통합특별시,무안군,prefix_short_brand,medium_short_brand,브랜드명이 짧아(4자 미만) 접두어가 일치해도 동명의 무관한 개인 상호일 가능성 있음
던킨/던킨도너츠,던킨도너츠목포,용해점,전남광주통합특별시,목포시,prefix_short_brand,medium_short_brand,브랜드명이 짧아(4자 미만) 접두어가 일치해도 동명의 무관한 개인 상호일 가능성 있음
던킨/던킨도너츠,던킨전남,화순점,전남광주통합특별시,화순군,prefix_short_brand,medium_short_brand,브랜드명이 짧아(4자 미만) 접두어가 일치해도 동명의 무관한 개인 상호일 가능성 있음
던킨/던킨도너츠,던킨인천사랑,병원점,인천광역시,미추홀구,prefix_short_brand,medium_short_brand,브랜드명이 짧아(4자 미만) 접두어가 일치해도 동명의 무관한 개인 상호일 가능성 있음
던킨/던킨도너츠,던킨도너츠목포해상케이블고하도,,전남광주통합특별시,목포시,prefix_short_brand,medium_short_brand,브랜드명이 짧아(4자 미만) 접두어가 일치해도 동명의 무관한 개인 상호일 가능성 있음
던킨/던킨도너츠,던킨도너츠광주오치점,,전남광주통합특별시,북구,prefix_short_brand,medium_short_brand,브랜드명이 짧아(4자 미만) 접두어가 일치해도 동명의 무관한 개인 상호일 가능성 있음
던킨/던킨도너츠,던킨도너츠광주,진월점,전남광주통합특별시,남구,prefix_short_brand,medium_short_brand,브랜드명이 짧아(4자 미만) 접두어가 일치해도 동명의 무관한 개인 상호일 가능성 있음
던킨/던킨도너츠,던킨도넛츠간석,홈플러스점,인천광역시,남동구,prefix_short_brand,medium_short_brand,브랜드명이 짧아(4자 미만) 접두어가 일치해도 동명의 무관한 개인 상호일 가능성 있음
던킨/던킨도너츠,던킨도너츠전북,김제점,전북특별자치도,김제시,prefix_short_brand,medium_short_brand,브랜드명이 짧아(4자 미만) 접두어가 일치해도 동명의 무관한 개인 상호일 가능성 있음
던킨/던킨도너츠,던킨울산,이마트점,울산광역시,남구,prefix_short_brand,medium_short_brand,브랜드명이 짧아(4자 미만) 접두어가 일치해도 동명의 무관한 개인 상호일 가능성 있음
던킨/던킨도너츠,던킨도너츠응암역점,,서울특별시,은평구,prefix_short_brand,medium_short_brand,브랜드명이 짧아(4자 미만) 접두어가 일치해도 동명의 무관한 개인 상호일 가능성 있음
던킨/던킨도너츠,던킨강남고속,터미널점,서울특별시,서초구,prefix_short_brand,medium_short_brand,브랜드명이 짧아(4자 미만) 접두어가 일치해도 동명의 무관한 개인 상호일 가능성 있음
던킨/던킨도너츠,던킨금천,독산점,서울특별시,금천구,prefix_short_brand,medium_short_brand,브랜드명이 짧아(4자 미만) 접두어가 일치해도 동명의 무관한 개인 상호일 가능성 있음
던킨/던킨도너츠,던킨도넛츠,등촌점,서울특별시,강서구,prefix_short_brand,medium_short_brand,브랜드명이 짧아(4자 미만) 접두어가 일치해도 동명의 무관한 개인 상호일 가능성 있음
던킨/던킨도너츠,던킨강남대로점,,서울특별시,서초구,prefix_short_brand,medium_short_brand,브랜드명이 짧아(4자 미만) 접두어가 일치해도 동명의 무관한 개인 상호일 가능성 있음
던킨/던킨도너츠,던킨도너츠테크노마트,,서울특별시,광진구,prefix_short_brand,medium_short_brand,브랜드명이 짧아(4자 미만) 접두어가 일치해도 동명의 무관한 개인 상호일 가능성 있음
던킨/던킨도너츠,던킨도너츠먹골역점,,서울특별시,중랑구,prefix_short_brand,medium_short_brand,브랜드명이 짧아(4자 미만) 접두어가 일치해도 동명의 무관한 개인 상호일 가능성 있음
던킨/던킨도너츠,던킨도너츠암사역점,,서울특별시,강동구,prefix_short_brand,medium_short_brand,브랜드명이 짧아(4자 미만) 접두어가 일치해도 동명의 무관한 개인 상호일 가능성 있음
던킨/던킨도너츠,던킨목동,홈플러스점,서울특별시,양천구,prefix_short_brand,medium_short_brand,브랜드명이 짧아(4자 미만) 접두어가 일치해도 동명의 무관한 개인 상호일 가능성 있음
던킨/던킨도너츠,던킨이문점,,서울특별시,동대문구,prefix_short_brand,medium_short_brand,브랜드명이 짧아(4자 미만) 접두어가 일치해도 동명의 무관한 개인 상호일 가능성 있음
던킨/던킨도너츠,던킨송파,사거리점,서울특별시,송파구,prefix_short_brand,medium_short_brand,브랜드명이 짧아(4자 미만) 접두어가 일치해도 동명의 무관한 개인 상호일 가능성 있음
던킨/던킨도너츠,던킨도너츠약수점,,서울특별시,중구,prefix_short_brand,medium_short_brand,브랜드명이 짧아(4자 미만) 접두어가 일치해도 동명의 무관한 개인 상호일 가능성 있음
던킨/던킨도너츠,던킨도너츠연대동문회관점,,서울특별시,서대문구,prefix_short_brand,medium_short_brand,브랜드명이 짧아(4자 미만) 접두어가 일치해도 동명의 무관한 개인 상호일 가능성 있음
던킨/던킨도너츠,던킨도너츠광운대역점,,서울특별시,노원구,prefix_short_brand,medium_short_brand,브랜드명이 짧아(4자 미만) 접두어가 일치해도 동명의 무관한 개인 상호일 가능성 있음
던킨/던킨도너츠,던킨도너츠태평양물산IT,,서울특별시,구로구,prefix_short_brand,medium_short_brand,브랜드명이 짧아(4자 미만) 접두어가 일치해도 동명의 무관한 개인 상호일 가능성 있음
던킨/던킨도너츠,던킨도너츠영등포역사,2호점,서울특별시,영등포구,prefix_short_brand,medium_short_brand,브랜드명이 짧아(4자 미만) 접두어가 일치해도 동명의 무관한 개인 상호일 가능성 있음
던킨/던킨도너츠,던킨길음뉴타운점,,서울특별시,성북구,prefix_short_brand,medium_short_brand,브랜드명이 짧아(4자 미만) 접두어가 일치해도 동명의 무관한 개인 상호일 가능성 있음
던킨/던킨도너츠,던킨상암DMC역사점,,서울특별시,마포구,prefix_short_brand,medium_short_brand,브랜드명이 짧아(4자 미만) 접두어가 일치해도 동명의 무관한 개인 상호일 가능성 있음
던킨/던킨도너츠,던킨도너츠동대문,시장점,서울특별시,종로구,prefix_short_brand,medium_short_brand,브랜드명이 짧아(4자 미만) 접두어가 일치해도 동명의 무관한 개인 상호일 가능성 있음
던킨/던킨도너츠,던킨도넛,,서울특별시,노원구,prefix_short_brand,medium_short_brand,브랜드명이 짧아(4자 미만) 접두어가 일치해도 동명의 무관한 개인 상호일 가능성 있음
던킨/던킨도너츠,던킨도너츠영등포역사점,,서울특별시,영등포구,prefix_short_brand,medium_short_brand,브랜드명이 짧아(4자 미만) 접두어가 일치해도 동명의 무관한 개인 상호일 가능성 있음
던킨/던킨도너츠,던킨도너츠수서역점,,서울특별시,강남구,prefix_short_brand,medium_short_brand,브랜드명이 짧아(4자 미만) 접두어가 일치해도 동명의 무관한 개인 상호일 가능성 있음
던킨/던킨도너츠,던킨은평성모병원,,서울특별시,은평구,prefix_short_brand,medium_short_brand,브랜드명이 짧아(4자 미만) 접두어가 일치해도 동명의 무관한 개인 상호일 가능성 있음
던킨/던킨도너츠,던킨장안,중앙점,서울특별시,동대문구,prefix_short_brand,medium_short_brand,브랜드명이 짧아(4자 미만) 접두어가 일치해도 동명의 무관한 개인 상호일 가능성 있음
던킨/던킨도너츠,던킨도너츠울산반구점,,울산광역시,중구,prefix_short_brand,medium_short_brand,브랜드명이 짧아(4자 미만) 접두어가 일치해도 동명의 무관한 개인 상호일 가능성 있음
던킨/던킨도너츠,던킨도너츠울산,성남점,울산광역시,중구,prefix_short_brand,medium_short_brand,브랜드명이 짧아(4자 미만) 접두어가 일치해도 동명의 무관한 개인 상호일 가능성 있음
던킨/던킨도너츠,던킨완주봉동점,,전북특별자치도,완주군,prefix_short_brand,medium_short_brand,브랜드명이 짧아(4자 미만) 접두어가 일치해도 동명의 무관한 개인 상호일 가능성 있음
던킨/던킨도너츠,던킨울산동구,홈플러스점,울산광역시,동구,prefix_short_brand,medium_short_brand,브랜드명이 짧아(4자 미만) 접두어가 일치해도 동명의 무관한 개인 상호일 가능성 있음
던킨/던킨도너츠,던킨울산삼산보건소점,,울산광역시,남구,prefix_short_brand,medium_short_brand,브랜드명이 짧아(4자 미만) 접두어가 일치해도 동명의 무관한 개인 상호일 가능성 있음
던킨/던킨도너츠,던킨도넛울산농협하나로점,,울산광역시,북구,prefix_short_brand,medium_short_brand,브랜드명이 짧아(4자 미만) 접두어가 일치해도 동명의 무관한 개인 상호일 가능성 있음
던킨/던킨도너츠,던킨도너츠세종나성점,,세종특별자치시,세종특별자치시,prefix_short_brand,medium_short_brand,브랜드명이 짧아(4자 미만) 접두어가 일치해도 동명의 무관한 개인 상호일 가능성 있음
던킨/던킨도너츠,던킨도너츠세종정부,청사점,세종특별자치시,세종특별자치시,prefix_short_brand,medium_short_brand,브랜드명이 짧아(4자 미만) 접두어가 일치해도 동명의 무관한 개인 상호일 가능성 있음
던킨/던킨도너츠,던킨세종,보람점,세종특별자치시,세종특별자치시,prefix_short_brand,medium_short_brand,브랜드명이 짧아(4자 미만) 접두어가 일치해도 동명의 무관한 개인 상호일 가능성 있음
던킨/던킨도너츠,던킨도너츠세종나성점,,세종특별자치시,세종특별자치시,prefix_short_brand,medium_short_brand,브랜드명이 짧아(4자 미만) 접두어가 일치해도 동명의 무관한 개인 상호일 가능성 있음
던킨/던킨도너츠,던킨연세세브란스빌딩점,,서울특별시,중구,prefix_short_brand,medium_short_brand,브랜드명이 짧아(4자 미만) 접두어가 일치해도 동명의 무관한 개인 상호일 가능성 있음
던킨/던킨도너츠,던킨마곡양천향교역점,,서울특별시,강서구,prefix_short_brand,medium_short_brand,브랜드명이 짧아(4자 미만) 접두어가 일치해도 동명의 무관한 개인 상호일 가능성 있음
던킨/던킨도너츠,던킨도너츠홍제역점,,서울특별시,서대문구,prefix_short_brand,medium_short_brand,브랜드명이 짧아(4자 미만) 접두어가 일치해도 동명의 무관한 개인 상호일 가능성 있음
던킨/던킨도너츠,던킨서울역트윈시티점,,서울특별시,용산구,prefix_short_brand,medium_short_brand,브랜드명이 짧아(4자 미만) 접두어가 일치해도 동명의 무관한 개인 상호일 가능성 있음
던킨/던킨도너츠,던킨도너츠양천,구청점,서울특별시,양천구,prefix_short_brand,medium_short_brand,브랜드명이 짧아(4자 미만) 접두어가 일치해도 동명의 무관한 개인 상호일 가능성 있음
던킨/던킨도너츠,던킨용산,이마트점,서울특별시,용산구,prefix_short_brand,medium_short_brand,브랜드명이 짧아(4자 미만) 접두어가 일치해도 동명의 무관한 개인 상호일 가능성 있음
던킨/던킨도너츠,던킨도너츠강동,구청점,서울특별시,강동구,prefix_short_brand,medium_short_brand,브랜드명이 짧아(4자 미만) 접두어가 일치해도 동명의 무관한 개인 상호일 가능성 있음
던킨/던킨도너츠,던킨송파,방이점,서울특별시,송파구,prefix_short_brand,medium_short_brand,브랜드명이 짧아(4자 미만) 접두어가 일치해도 동명의 무관한 개인 상호일 가능성 있음
던킨/던킨도너츠,던킨양재하나로점,,서울특별시,서초구,prefix_short_brand,medium_short_brand,브랜드명이 짧아(4자 미만) 접두어가 일치해도 동명의 무관한 개인 상호일 가능성 있음
던킨/던킨도너츠,던킨홍대역점,,서울특별시,마포구,prefix_short_brand,medium_short_brand,브랜드명이 짧아(4자 미만) 접두어가 일치해도 동명의 무관한 개인 상호일 가능성 있음
던킨/던킨도너츠,던킨도너츠경복궁도반,병원점,서울특별시,종로구,prefix_short_brand,medium_short_brand,브랜드명이 짧아(4자 미만) 접두어가 일치해도 동명의 무관한 개인 상호일 가능성 있음
던킨/던킨도너츠,던킨도너츠부평동아점,,인천광역시,부평구,prefix_short_brand,medium_short_brand,브랜드명이 짧아(4자 미만) 접두어가 일치해도 동명의 무관한 개인 상호일 가능성 있음
던킨/던킨도너츠,던킨도너츠전주아중점,,전북특별자치도,전주시 덕진구,prefix_short_brand,medium_short_brand,브랜드명이 짧아(4자 미만) 접두어가 일치해도 동명의 무관한 개인 상호일 가능성 있음
던킨/던킨도너츠,던킨전주,이마트점,전북특별자치도,전주시 완산구,prefix_short_brand,medium_short_brand,브랜드명이 짧아(4자 미만) 접두어가 일치해도 동명의 무관한 개인 상호일 가능성 있음
던킨/던킨도너츠,던킨군산나운점,,전북특별자치도,군산시,prefix_short_brand,medium_short_brand,브랜드명이 짧아(4자 미만) 접두어가 일치해도 동명의 무관한 개인 상호일 가능성 있음
던킨/던킨도너츠,비알던킨도너츠왕십리민자역사점주,코리아,서울특별시,성동구,contains_nonprefix,low,브랜드명이 상호명 맨 앞이 아닌 중간/뒤에 위치 (접두어 불일치)
던킨/던킨도너츠,비알던킨도너츠양재사옥주,코리아,서울특별시,서초구,contains_nonprefix,low,브랜드명이 상호명 맨 앞이 아닌 중간/뒤에 위치 (접두어 불일치)
던킨/던킨도너츠,비알던킨도너츠김포공항국제주,코리아,서울특별시,강서구,contains_nonprefix,low,브랜드명이 상호명 맨 앞이 아닌 중간/뒤에 위치 (접두어 불일치)
던킨/던킨도너츠,비알던킨도너츠서울대병원,코리아,서울특별시,종로구,contains_nonprefix,low,브랜드명이 상호명 맨 앞이 아닌 중간/뒤에 위치 (접두어 불일치)
던킨/던킨도너츠,비알던킨도너츠선릉역,코리아,서울특별시,강남구,contains_nonprefix,low,브랜드명이 상호명 맨 앞이 아닌 중간/뒤에 위치 (접두어 불일치)
던킨/던킨도너츠,비알던킨도너츠청담원더스,코리아,서울특별시,강남구,contains_nonprefix,low,브랜드명이 상호명 맨 앞이 아닌 중간/뒤에 위치 (접두어 불일치)
던킨/던킨도너츠,비알던킨도너츠원더스서울역,코리아,서울특별시,용산구,contains_nonprefix,low,브랜드명이 상호명 맨 앞이 아닌 중간/뒤에 위치 (접두어 불일치)
던킨/던킨도너츠,비알던킨도너츠울산역사,코리아,울산광역시,울주군,contains_nonprefix,low,브랜드명이 상호명 맨 앞이 아닌 중간/뒤에 위치 (접두어 불일치)
던킨/던킨도너츠,코레일유통던킨도너츠(제물포역사점)주,,인천광역시,미추홀구,contains_nonprefix,low,브랜드명이 상호명 맨 앞이 아닌 중간/뒤에 위치 (접두어 불일치)
던킨/던킨도너츠,비알던킨도너츠청량리역사점주,코리아,서울특별시,동대문구,contains_nonprefix,low,브랜드명이 상호명 맨 앞이 아닌 중간/뒤에 위치 (접두어 불일치)
던킨/던킨도너츠,비알던킨도너츠검암역사,코리아,인천광역시,서해구,contains_nonprefix,low,브랜드명이 상호명 맨 앞이 아닌 중간/뒤에 위치 (접두어 불일치)
던킨/던킨도너츠,비알던킨도너츠T1인천공항키오스크,코리아,인천광역시,영종구,contains_nonprefix,low,브랜드명이 상호명 맨 앞이 아닌 중간/뒤에 위치 (접두어 불일치)
던킨/던킨도너츠,비알던킨도너츠제주시청점,코리아,제주특별자치도,제주시,contains_nonprefix,low,브랜드명이 상호명 맨 앞이 아닌 중간/뒤에 위치 (접두어 불일치)
던킨/던킨도너츠,홍성휴게소던킨도너츠하,,충청남도,홍성군,contains_nonprefix,low,브랜드명이 상호명 맨 앞이 아닌 중간/뒤에 위치 (접두어 불일치)
던킨/던킨도너츠,보림로지스틱스천안던킨도너츠,,충청남도,천안시 동남구,contains_nonprefix,low,브랜드명이 상호명 맨 앞이 아닌 중간/뒤에 위치 (접두어 불일치)
던킨/던킨도너츠,홍성휴게소던킨도너츠상,,충청남도,홍성군,contains_nonprefix,low,브랜드명이 상호명 맨 앞이 아닌 중간/뒤에 위치 (접두어 불일치)
던킨/던킨도너츠,케이알산업입장휴게소던킨도너츠상,,충청남도,천안시 서북구,contains_nonprefix,low,브랜드명이 상호명 맨 앞이 아닌 중간/뒤에 위치 (접두어 불일치)
던킨/던킨도너츠,보령던킨도너츠,동대점,충청남도,보령시,contains_nonprefix,low,브랜드명이 상호명 맨 앞이 아닌 중간/뒤에 위치 (접두어 불일치)
던킨/던킨도너츠,던킨충북,혁신점,충청북도,음성군,prefix_short_brand,medium_short_brand,브랜드명이 짧아(4자 미만) 접두어가 일치해도 동명의 무관한 개인 상호일 가능성 있음
던킨/던킨도너츠,던킨도너츠청주,터미널점,충청북도,청주시 흥덕구,prefix_short_brand,medium_short_brand,브랜드명이 짧아(4자 미만) 접두어가 일치해도 동명의 무관한 개인 상호일 가능성 있음
던킨/던킨도너츠,비알던킨도너츠T2인천공항센트럴,코리아,인천광역시,영종구,contains_nonprefix,low,브랜드명이 상호명 맨 앞이 아닌 중간/뒤에 위치 (접두어 불일치)
던킨/던킨도너츠,던킨도너츠충북,금왕점,충청북도,음성군,prefix_short_brand,medium_short_brand,브랜드명이 짧아(4자 미만) 접두어가 일치해도 동명의 무관한 개인 상호일 가능성 있음
던킨/던킨도너츠,에이치엔드림던킨도너츠,신림양지병원점,서울특별시,관악구,contains_nonprefix,low,브랜드명이 상호명 맨 앞이 아닌 중간/뒤에 위치 (접두어 불일치)
던킨/던킨도너츠,비알던킨도너츠가재울뉴타운,코리아,서울특별시,서대문구,contains_nonprefix,low,브랜드명이 상호명 맨 앞이 아닌 중간/뒤에 위치 (접두어 불일치)
던킨/던킨도너츠,비알던킨도너츠대전터미널서관점주,코리아,대전광역시,동구,contains_nonprefix,low,브랜드명이 상호명 맨 앞이 아닌 중간/뒤에 위치 (접두어 불일치)
던킨/던킨도너츠,비알던킨도너츠한영아동병원,코리아,대구광역시,남구,contains_nonprefix,low,브랜드명이 상호명 맨 앞이 아닌 중간/뒤에 위치 (접두어 불일치)
던킨/던킨도너츠,포항맞이던킨도너츠,,경상북도,포항시 북구,contains_nonprefix,low,브랜드명이 상호명 맨 앞이 아닌 중간/뒤에 위치 (접두어 불일치)
던킨/던킨도너츠,비알던킨도너츠김해생산점,코리아,경상남도,김해시,contains_nonprefix,low,브랜드명이 상호명 맨 앞이 아닌 중간/뒤에 위치 (접두어 불일치)
던킨/던킨도너츠,김해복음던킨도너츠김해복음,병원점,경상남도,김해시,contains_nonprefix,low,브랜드명이 상호명 맨 앞이 아닌 중간/뒤에 위치 (접두어 불일치)
던킨/던킨도너츠,비알던킨도너츠수원역사,코리아,경기도,수원시 팔달구,contains_nonprefix,low,브랜드명이 상호명 맨 앞이 아닌 중간/뒤에 위치 (접두어 불일치)
던킨/던킨도너츠,원당역사던킨도너츠,,경기도,고양시 덕양구,contains_nonprefix,low,브랜드명이 상호명 맨 앞이 아닌 중간/뒤에 위치 (접두어 불일치)
던킨/던킨도너츠,비알던킨도너츠금정역사,코리아,경기도,군포시,contains_nonprefix,low,브랜드명이 상호명 맨 앞이 아닌 중간/뒤에 위치 (접두어 불일치)
던킨/던킨도너츠,마석던킨도너츠,롯데마트,경기도,남양주시,contains_nonprefix,low,브랜드명이 상호명 맨 앞이 아닌 중간/뒤에 위치 (접두어 불일치)
던킨/던킨도너츠,대한민국특수임무유공자회던킨도너츠중앙보훈,병원점,서울특별시,강동구,contains_nonprefix,low,브랜드명이 상호명 맨 앞이 아닌 중간/뒤에 위치 (접두어 불일치)
던킨/던킨도너츠,비알던킨도너츠가평휴게소상,코리아,경기도,가평군,contains_nonprefix,low,브랜드명이 상호명 맨 앞이 아닌 중간/뒤에 위치 (접두어 불일치)
던킨/던킨도너츠,비알던킨도너츠가평휴게소하,코리아,경기도,가평군,contains_nonprefix,low,브랜드명이 상호명 맨 앞이 아닌 중간/뒤에 위치 (접두어 불일치)
던킨/던킨도너츠,인정연던킨도너츠,,경기도,수원시 권선구,contains_nonprefix,low,브랜드명이 상호명 맨 앞이 아닌 중간/뒤에 위치 (접두어 불일치)
던킨/던킨도너츠,비알코리아던킨도너츠,평촌점,경기도,안양시 동안구,contains_nonprefix,low,브랜드명이 상호명 맨 앞이 아닌 중간/뒤에 위치 (접두어 불일치)
던킨/던킨도너츠,오산휴게소과천-던킨도너츠,,경기도,오산시,contains_nonprefix,low,브랜드명이 상호명 맨 앞이 아닌 중간/뒤에 위치 (접두어 불일치)
던킨/던킨도너츠,오산휴게소동탄-던킨도너츠,,경기도,오산시,contains_nonprefix,low,브랜드명이 상호명 맨 앞이 아닌 중간/뒤에 위치 (접두어 불일치)
던킨/던킨도너츠,비알던킨도너츠부산역라마다,코리아,부산광역시,동구,contains_nonprefix,low,브랜드명이 상호명 맨 앞이 아닌 중간/뒤에 위치 (접두어 불일치)
던킨/던킨도너츠,비알던킨도너츠김포공항국내선,코리아,서울특별시,강서구,contains_nonprefix,low,브랜드명이 상호명 맨 앞이 아닌 중간/뒤에 위치 (접두어 불일치)
던킨/던킨도너츠,비알던킨도너츠구파발역,코리아,서울특별시,은평구,contains_nonprefix,low,브랜드명이 상호명 맨 앞이 아닌 중간/뒤에 위치 (접두어 불일치)
던킨/던킨도너츠,비알던킨도너츠건대입구역점,코리아,서울특별시,광진구,contains_nonprefix,low,브랜드명이 상호명 맨 앞이 아닌 중간/뒤에 위치 (접두어 불일치)
던킨/던킨도너츠,비알던킨도너츠시흥하늘휴게소,코리아,경기도,시흥시,contains_nonprefix,low,브랜드명이 상호명 맨 앞이 아닌 중간/뒤에 위치 (접두어 불일치)
던킨/던킨도너츠,던킨도너츠전주,송천점,전북특별자치도,전주시 덕진구,prefix_short_brand,medium_short_brand,브랜드명이 짧아(4자 미만) 접두어가 일치해도 동명의 무관한 개인 상호일 가능성 있음
던킨/던킨도너츠,던킨도너츠충북,진천점,충청북도,진천군,prefix_short_brand,medium_short_brand,브랜드명이 짧아(4자 미만) 접두어가 일치해도 동명의 무관한 개인 상호일 가능성 있음
던킨/던킨도너츠,던킨도너츠충북도청점,,충청북도,청주시 상당구,prefix_short_brand,medium_short_brand,브랜드명이 짧아(4자 미만) 접두어가 일치해도 동명의 무관한 개인 상호일 가능성 있음
던킨/던킨도너츠,던킨제주연동,,제주특별자치도,제주시,prefix_short_brand,medium_short_brand,브랜드명이 짧아(4자 미만) 접두어가 일치해도 동명의 무관한 개인 상호일 가능성 있음
던킨/던킨도너츠,던킨제주,시청점,제주특별자치도,제주시,prefix_short_brand,medium_short_brand,브랜드명이 짧아(4자 미만) 접두어가 일치해도 동명의 무관한 개인 상호일 가능성 있음
던킨/던킨도너츠,던킨제주삼화점,,제주특별자치도,제주시,prefix_short_brand,medium_short_brand,브랜드명이 짧아(4자 미만) 접두어가 일치해도 동명의 무관한 개인 상호일 가능성 있음
던킨/던킨도너츠,던킨도너츠제주한마음병원,,제주특별자치도,제주시,prefix_short_brand,medium_short_brand,브랜드명이 짧아(4자 미만) 접두어가 일치해도 동명의 무관한 개인 상호일 가능성 있음
던킨/던킨도너츠,던킨도너츠제주한화아쿠아,,제주특별자치도,서귀포시,prefix_short_brand,medium_short_brand,브랜드명이 짧아(4자 미만) 접두어가 일치해도 동명의 무관한 개인 상호일 가능성 있음
던킨/던킨도너츠,던킨서귀포,혁신점,제주특별자치도,서귀포시,prefix_short_brand,medium_short_brand,브랜드명이 짧아(4자 미만) 접두어가 일치해도 동명의 무관한 개인 상호일 가능성 있음
던킨/던킨도너츠,던킨제주화북점,,제주특별자치도,제주시,prefix_short_brand,medium_short_brand,브랜드명이 짧아(4자 미만) 접두어가 일치해도 동명의 무관한 개인 상호일 가능성 있음
던킨/던킨도너츠,던킨도너츠신제주점,,제주특별자치도,제주시,prefix_short_brand,medium_short_brand,브랜드명이 짧아(4자 미만) 접두어가 일치해도 동명의 무관한 개인 상호일 가능성 있음
던킨/던킨도너츠,던킨도너츠제주송악산점,,제주특별자치도,서귀포시,prefix_short_brand,medium_short_brand,브랜드명이 짧아(4자 미만) 접두어가 일치해도 동명의 무관한 개인 상호일 가능성 있음
던킨/던킨도너츠,던킨서귀포,혁신점,제주특별자치도,서귀포시,prefix_short_brand,medium_short_brand,브랜드명이 짧아(4자 미만) 접두어가 일치해도 동명의 무관한 개인 상호일 가능성 있음
던킨/던킨도너츠,던킨전주하나로점,,전북특별자치도,전주시 덕진구,prefix_short_brand,medium_short_brand,브랜드명이 짧아(4자 미만) 접두어가 일치해도 동명의 무관한 개인 상호일 가능성 있음
던킨/던킨도너츠,던킨도너츠정읍역점,,전북특별자치도,정읍시,prefix_short_brand,medium_short_brand,브랜드명이 짧아(4자 미만) 접두어가 일치해도 동명의 무관한 개인 상호일 가능성 있음
던킨/던킨도너츠,던킨도너츠군산이마트,,전북특별자치도,군산시,prefix_short_brand,medium_short_brand,브랜드명이 짧아(4자 미만) 접두어가 일치해도 동명의 무관한 개인 상호일 가능성 있음
던킨/던킨도너츠,던킨도너츠홈플러스,금천점,서울특별시,금천구,prefix_short_brand,medium_short_brand,브랜드명이 짧아(4자 미만) 접두어가 일치해도 동명의 무관한 개인 상호일 가능성 있음
던킨/던킨도너츠,던킨도너츠익산역점,,전북특별자치도,익산시,prefix_short_brand,medium_short_brand,브랜드명이 짧아(4자 미만) 접두어가 일치해도 동명의 무관한 개인 상호일 가능성 있음
던킨/던킨도너츠,던킨군산점,롯데마트,전북특별자치도,군산시,prefix_short_brand,medium_short_brand,브랜드명이 짧아(4자 미만) 접두어가 일치해도 동명의 무관한 개인 상호일 가능성 있음
던킨/던킨도너츠,던킨정읍,상동점,전북특별자치도,정읍시,prefix_short_brand,medium_short_brand,브랜드명이 짧아(4자 미만) 접두어가 일치해도 동명의 무관한 개인 상호일 가능성 있음
던킨/던킨도너츠,던킨도너츠전주효자홈플러스,,전북특별자치도,전주시 완산구,prefix_short_brand,medium_short_brand,브랜드명이 짧아(4자 미만) 접두어가 일치해도 동명의 무관한 개인 상호일 가능성 있음
던킨/던킨도너츠,던킨도너츠전북,고창점,전북특별자치도,고창군,prefix_short_brand,medium_short_brand,브랜드명이 짧아(4자 미만) 접두어가 일치해도 동명의 무관한 개인 상호일 가능성 있음
던킨/던킨도너츠,던킨전주대점,,전북특별자치도,전주시 완산구,prefix_short_brand,medium_short_brand,브랜드명이 짧아(4자 미만) 접두어가 일치해도 동명의 무관한 개인 상호일 가능성 있음
던킨/던킨도너츠,대한민국특수임무유공자회던킨도너츠대전보훈,병원점,대전광역시,대덕구,contains_nonprefix,low,브랜드명이 상호명 맨 앞이 아닌 중간/뒤에 위치 (접두어 불일치)
던킨/던킨도너츠,던킨도너츠충북,증평점,충청북도,증평군,prefix_short_brand,medium_short_brand,브랜드명이 짧아(4자 미만) 접두어가 일치해도 동명의 무관한 개인 상호일 가능성 있음
던킨/던킨도너츠,던킨도너츠아라점,,제주특별자치도,제주시,prefix_short_brand,medium_short_brand,브랜드명이 짧아(4자 미만) 접두어가 일치해도 동명의 무관한 개인 상호일 가능성 있음
던킨/던킨도너츠,던킨천안청수점,,충청남도,천안시 동남구,prefix_short_brand,medium_short_brand,브랜드명이 짧아(4자 미만) 접두어가 일치해도 동명의 무관한 개인 상호일 가능성 있음
던킨/던킨도너츠,던킨충주,연수점,충청북도,충주시,prefix_short_brand,medium_short_brand,브랜드명이 짧아(4자 미만) 접두어가 일치해도 동명의 무관한 개인 상호일 가능성 있음
던킨/던킨도너츠,던킨도너츠건국대충주병원,,충청북도,충주시,prefix_short_brand,medium_short_brand,브랜드명이 짧아(4자 미만) 접두어가 일치해도 동명의 무관한 개인 상호일 가능성 있음
던킨/던킨도너츠,던킨도너츠충주,터미널점,충청북도,충주시,prefix_short_brand,medium_short_brand,브랜드명이 짧아(4자 미만) 접두어가 일치해도 동명의 무관한 개인 상호일 가능성 있음
던킨/던킨도너츠,던킨도넛츠하소점,,충청북도,제천시,prefix_short_brand,medium_short_brand,브랜드명이 짧아(4자 미만) 접두어가 일치해도 동명의 무관한 개인 상호일 가능성 있음
던킨/던킨도너츠,던킨도너츠공주,터미널점,충청남도,공주시,prefix_short_brand,medium_short_brand,브랜드명이 짧아(4자 미만) 접두어가 일치해도 동명의 무관한 개인 상호일 가능성 있음
던킨/던킨도너츠,던킨성성점,,충청남도,천안시 서북구,prefix_short_brand,medium_short_brand,브랜드명이 짧아(4자 미만) 접두어가 일치해도 동명의 무관한 개인 상호일 가능성 있음
던킨/던킨도너츠,던킨도너츠서산휴게소점상,,충청남도,서산시,prefix_short_brand,medium_short_brand,브랜드명이 짧아(4자 미만) 접두어가 일치해도 동명의 무관한 개인 상호일 가능성 있음
던킨/던킨도너츠,던킨아산배방점,,충청남도,아산시,prefix_short_brand,medium_short_brand,브랜드명이 짧아(4자 미만) 접두어가 일치해도 동명의 무관한 개인 상호일 가능성 있음
던킨/던킨도너츠,던킨아산탕정역점,,충청남도,아산시,prefix_short_brand,medium_short_brand,브랜드명이 짧아(4자 미만) 접두어가 일치해도 동명의 무관한 개인 상호일 가능성 있음
던킨/던킨도너츠,던킨도너츠서귀포,광장점,제주특별자치도,서귀포시,prefix_short_brand,medium_short_brand,브랜드명이 짧아(4자 미만) 접두어가 일치해도 동명의 무관한 개인 상호일 가능성 있음
던킨/던킨도너츠,던킨천안,터미널점,충청남도,천안시 동남구,prefix_short_brand,medium_short_brand,브랜드명이 짧아(4자 미만) 접두어가 일치해도 동명의 무관한 개인 상호일 가능성 있음
던킨/던킨도너츠,던킨도너츠서천점,,충청남도,서천군,prefix_short_brand,medium_short_brand,브랜드명이 짧아(4자 미만) 접두어가 일치해도 동명의 무관한 개인 상호일 가능성 있음
던킨/던킨도너츠,던킨천안신부,,충청남도,천안시 동남구,prefix_short_brand,medium_short_brand,브랜드명이 짧아(4자 미만) 접두어가 일치해도 동명의 무관한 개인 상호일 가능성 있음
던킨/던킨도너츠,던킨당진기지시점,,충청남도,당진시,prefix_short_brand,medium_short_brand,브랜드명이 짧아(4자 미만) 접두어가 일치해도 동명의 무관한 개인 상호일 가능성 있음
던킨/던킨도너츠,던킨도너츠행담휴게소,,충청남도,당진시,prefix_short_brand,medium_short_brand,브랜드명이 짧아(4자 미만) 접두어가 일치해도 동명의 무관한 개인 상호일 가능성 있음
던킨/던킨도너츠,던킨도너츠아산충무,병원점,충청남도,아산시,prefix_short_brand,medium_short_brand,브랜드명이 짧아(4자 미만) 접두어가 일치해도 동명의 무관한 개인 상호일 가능성 있음
던킨/던킨도너츠,던킨도너츠서산,동문점,충청남도,서산시,prefix_short_brand,medium_short_brand,브랜드명이 짧아(4자 미만) 접두어가 일치해도 동명의 무관한 개인 상호일 가능성 있음
던킨/던킨도너츠,던킨충남,태안점,충청남도,태안군,prefix_short_brand,medium_short_brand,브랜드명이 짧아(4자 미만) 접두어가 일치해도 동명의 무관한 개인 상호일 가능성 있음
던킨/던킨도너츠,던킨도너츠천안순천향대,병원점,충청남도,천안시 동남구,prefix_short_brand,medium_short_brand,브랜드명이 짧아(4자 미만) 접두어가 일치해도 동명의 무관한 개인 상호일 가능성 있음
던킨/던킨도너츠,던킨서산예천점,,충청남도,서산시,prefix_short_brand,medium_short_brand,브랜드명이 짧아(4자 미만) 접두어가 일치해도 동명의 무관한 개인 상호일 가능성 있음
던킨/던킨도너츠,던킨도넛천안,서부점,충청남도,천안시 동남구,prefix_short_brand,medium_short_brand,브랜드명이 짧아(4자 미만) 접두어가 일치해도 동명의 무관한 개인 상호일 가능성 있음
던킨/던킨도너츠,던킨도너츠중계,브라운스톤점,서울특별시,노원구,prefix_short_brand,medium_short_brand,브랜드명이 짧아(4자 미만) 접두어가 일치해도 동명의 무관한 개인 상호일 가능성 있음
던킨/던킨도너츠,비알던킨도너츠대전역,코리아,대전광역시,동구,contains_nonprefix,low,브랜드명이 상호명 맨 앞이 아닌 중간/뒤에 위치 (접두어 불일치)
던킨/던킨도너츠,던킨공항철도홍대역사점,,서울특별시,마포구,prefix_short_brand,medium_short_brand,브랜드명이 짧아(4자 미만) 접두어가 일치해도 동명의 무관한 개인 상호일 가능성 있음
던킨/던킨도너츠,던킨시흥하중점,,경기도,시흥시,prefix_short_brand,medium_short_brand,브랜드명이 짧아(4자 미만) 접두어가 일치해도 동명의 무관한 개인 상호일 가능성 있음
던킨/던킨도너츠,던킨도너츠이천장,호원점,경기도,이천시,prefix_short_brand,medium_short_brand,브랜드명이 짧아(4자 미만) 접두어가 일치해도 동명의 무관한 개인 상호일 가능성 있음
던킨/던킨도너츠,던킨도너츠광주능평점,,경기도,광주시,prefix_short_brand,medium_short_brand,브랜드명이 짧아(4자 미만) 접두어가 일치해도 동명의 무관한 개인 상호일 가능성 있음
던킨/던킨도너츠,던킨도넛포천E-Mart점,,경기도,포천시,prefix_short_brand,medium_short_brand,브랜드명이 짧아(4자 미만) 접두어가 일치해도 동명의 무관한 개인 상호일 가능성 있음
던킨/던킨도너츠,던킨평택,포승점,경기도,평택시,prefix_short_brand,medium_short_brand,브랜드명이 짧아(4자 미만) 접두어가 일치해도 동명의 무관한 개인 상호일 가능성 있음
던킨/던킨도너츠,던킨도너츠남양주,별내점,경기도,남양주시,prefix_short_brand,medium_short_brand,브랜드명이 짧아(4자 미만) 접두어가 일치해도 동명의 무관한 개인 상호일 가능성 있음
던킨/던킨도너츠,던킨인덕원IT점던킨도너츠,,경기도,의왕시,prefix_short_brand,medium_short_brand,브랜드명이 짧아(4자 미만) 접두어가 일치해도 동명의 무관한 개인 상호일 가능성 있음
던킨/던킨도너츠,던킨도너츠성남이마트,,경기도,성남시 수정구,prefix_short_brand,medium_short_brand,브랜드명이 짧아(4자 미만) 접두어가 일치해도 동명의 무관한 개인 상호일 가능성 있음
던킨/던킨도너츠,던킨도너츠일산,풍동점,경기도,고양시 일산동구,prefix_short_brand,medium_short_brand,브랜드명이 짧아(4자 미만) 접두어가 일치해도 동명의 무관한 개인 상호일 가능성 있음
던킨/던킨도너츠,던킨도너츠김포양촌점,,경기도,김포시,prefix_short_brand,medium_short_brand,브랜드명이 짧아(4자 미만) 접두어가 일치해도 동명의 무관한 개인 상호일 가능성 있음
던킨/던킨도너츠,던킨도너츠화성,시청점,경기도,화성시 만세구,prefix_short_brand,medium_short_brand,브랜드명이 짧아(4자 미만) 접두어가 일치해도 동명의 무관한 개인 상호일 가능성 있음
던킨/던킨도너츠,던킨도너츠분당차,병원점,경기도,성남시 분당구,prefix_short_brand,medium_short_brand,브랜드명이 짧아(4자 미만) 접두어가 일치해도 동명의 무관한 개인 상호일 가능성 있음
던킨/던킨도너츠,던킨도너츠동두천,터미널점,경기도,동두천시,prefix_short_brand,medium_short_brand,브랜드명이 짧아(4자 미만) 접두어가 일치해도 동명의 무관한 개인 상호일 가능성 있음
던킨/던킨도너츠,던킨부천,시청점,경기도,부천시 원미구,prefix_short_brand,medium_short_brand,브랜드명이 짧아(4자 미만) 접두어가 일치해도 동명의 무관한 개인 상호일 가능성 있음
던킨/던킨도너츠,던킨삼성미래기술캠퍼스점,,경기도,수원시 영통구,prefix_short_brand,medium_short_brand,브랜드명이 짧아(4자 미만) 접두어가 일치해도 동명의 무관한 개인 상호일 가능성 있음
던킨/던킨도너츠,던킨도너츠파주임진각점,,경기도,파주시,prefix_short_brand,medium_short_brand,브랜드명이 짧아(4자 미만) 접두어가 일치해도 동명의 무관한 개인 상호일 가능성 있음
던킨/던킨도너츠,던킨도너츠강원대,병원점,강원특별자치도,춘천시,prefix_short_brand,medium_short_brand,브랜드명이 짧아(4자 미만) 접두어가 일치해도 동명의 무관한 개인 상호일 가능성 있음
던킨/던킨도너츠,던킨도넛츠강릉,ktx점,강원특별자치도,강릉시,prefix_short_brand,medium_short_brand,브랜드명이 짧아(4자 미만) 접두어가 일치해도 동명의 무관한 개인 상호일 가능성 있음
던킨/던킨도너츠,던킨원주태장점,,강원특별자치도,원주시,prefix_short_brand,medium_short_brand,브랜드명이 짧아(4자 미만) 접두어가 일치해도 동명의 무관한 개인 상호일 가능성 있음
던킨/던킨도너츠,던킨도너츠양양쏠비치점,,강원특별자치도,양양군,prefix_short_brand,medium_short_brand,브랜드명이 짧아(4자 미만) 접두어가 일치해도 동명의 무관한 개인 상호일 가능성 있음
던킨/던킨도너츠,던킨도너츠동해천곡점,,강원특별자치도,동해시,prefix_short_brand,medium_short_brand,브랜드명이 짧아(4자 미만) 접두어가 일치해도 동명의 무관한 개인 상호일 가능성 있음
던킨/던킨도너츠,던킨도너츠춘천점,롯데마트,강원특별자치도,춘천시,prefix_short_brand,medium_short_brand,브랜드명이 짧아(4자 미만) 접두어가 일치해도 동명의 무관한 개인 상호일 가능성 있음
던킨/던킨도너츠,던킨기흥삼성전자K1점,,경기도,용인시 기흥구,prefix_short_brand,medium_short_brand,브랜드명이 짧아(4자 미만) 접두어가 일치해도 동명의 무관한 개인 상호일 가능성 있음
던킨/던킨도너츠,던킨도넛내린천휴게소점,,강원특별자치도,인제군,prefix_short_brand,medium_short_brand,브랜드명이 짧아(4자 미만) 접두어가 일치해도 동명의 무관한 개인 상호일 가능성 있음
던킨/던킨도너츠,던킨도너츠한국외대글로벌캠퍼스점,,경기도,용인시 처인구,prefix_short_brand,medium_short_brand,브랜드명이 짧아(4자 미만) 접두어가 일치해도 동명의 무관한 개인 상호일 가능성 있음
던킨/던킨도너츠,던킨도너츠마석우리점,,경기도,남양주시,prefix_short_brand,medium_short_brand,브랜드명이 짧아(4자 미만) 접두어가 일치해도 동명의 무관한 개인 상호일 가능성 있음
던킨/던킨도너츠,던킨도너츠양평,중앙점,경기도,양평군,prefix_short_brand,medium_short_brand,브랜드명이 짧아(4자 미만) 접두어가 일치해도 동명의 무관한 개인 상호일 가능성 있음
던킨/던킨도너츠,던킨도너츠파주운정,이마트점,경기도,파주시,prefix_short_brand,medium_short_brand,브랜드명이 짧아(4자 미만) 접두어가 일치해도 동명의 무관한 개인 상호일 가능성 있음
던킨/던킨도너츠,던킨도너츠김포운양역점,,경기도,김포시,prefix_short_brand,medium_short_brand,브랜드명이 짧아(4자 미만) 접두어가 일치해도 동명의 무관한 개인 상호일 가능성 있음
던킨/던킨도너츠,던킨일산,식사점,경기도,고양시 일산동구,prefix_short_brand,medium_short_brand,브랜드명이 짧아(4자 미만) 접두어가 일치해도 동명의 무관한 개인 상호일 가능성 있음
던킨/던킨도너츠,던킨도너츠덕정역점,,경기도,양주시,prefix_short_brand,medium_short_brand,브랜드명이 짧아(4자 미만) 접두어가 일치해도 동명의 무관한 개인 상호일 가능성 있음
던킨/던킨도너츠,던킨광명,철산점,경기도,광명시,prefix_short_brand,medium_short_brand,브랜드명이 짧아(4자 미만) 접두어가 일치해도 동명의 무관한 개인 상호일 가능성 있음
던킨/던킨도너츠,던킨수원매교점,,경기도,수원시 권선구,prefix_short_brand,medium_short_brand,브랜드명이 짧아(4자 미만) 접두어가 일치해도 동명의 무관한 개인 상호일 가능성 있음
던킨/던킨도너츠,던킨여주,오학점,경기도,여주시,prefix_short_brand,medium_short_brand,브랜드명이 짧아(4자 미만) 접두어가 일치해도 동명의 무관한 개인 상호일 가능성 있음
던킨/던킨도너츠,던킨이마트,오산점,경기도,오산시,prefix_short_brand,medium_short_brand,브랜드명이 짧아(4자 미만) 접두어가 일치해도 동명의 무관한 개인 상호일 가능성 있음
던킨/던킨도너츠,던킨도너츠진접,홈플러스점,경기도,남양주시,prefix_short_brand,medium_short_brand,브랜드명이 짧아(4자 미만) 접두어가 일치해도 동명의 무관한 개인 상호일 가능성 있음
던킨/던킨도너츠,던킨도너츠김포통진점,,경기도,김포시,prefix_short_brand,medium_short_brand,브랜드명이 짧아(4자 미만) 접두어가 일치해도 동명의 무관한 개인 상호일 가능성 있음
던킨/던킨도너츠,던킨도너츠양평만남의광장,,경기도,양평군,prefix_short_brand,medium_short_brand,브랜드명이 짧아(4자 미만) 접두어가 일치해도 동명의 무관한 개인 상호일 가능성 있음
던킨/던킨도너츠,던킨도너츠고양하나로점,,경기도,고양시 일산서구,prefix_short_brand,medium_short_brand,브랜드명이 짧아(4자 미만) 접두어가 일치해도 동명의 무관한 개인 상호일 가능성 있음
던킨/던킨도너츠,던킨하남미사,강변점,경기도,하남시,prefix_short_brand,medium_short_brand,브랜드명이 짧아(4자 미만) 접두어가 일치해도 동명의 무관한 개인 상호일 가능성 있음
던킨/던킨도너츠,던킨일산,중산점,경기도,고양시 일산동구,prefix_short_brand,medium_short_brand,브랜드명이 짧아(4자 미만) 접두어가 일치해도 동명의 무관한 개인 상호일 가능성 있음
던킨/던킨도너츠,던킨안양,호계점,경기도,안양시 동안구,prefix_short_brand,medium_short_brand,브랜드명이 짧아(4자 미만) 접두어가 일치해도 동명의 무관한 개인 상호일 가능성 있음
던킨/던킨도너츠,던킨도너츠시흥,은행점,경기도,시흥시,prefix_short_brand,medium_short_brand,브랜드명이 짧아(4자 미만) 접두어가 일치해도 동명의 무관한 개인 상호일 가능성 있음
던킨/던킨도너츠,던킨도넛평택미군기지다운타운쇼핑몰점,,경기도,평택시,prefix_short_brand,medium_short_brand,브랜드명이 짧아(4자 미만) 접두어가 일치해도 동명의 무관한 개인 상호일 가능성 있음
던킨/던킨도너츠,던킨도너츠샘,병원점,경기도,안양시 만안구,prefix_short_brand,medium_short_brand,브랜드명이 짧아(4자 미만) 접두어가 일치해도 동명의 무관한 개인 상호일 가능성 있음
던킨/던킨도너츠,던킨도너츠전곡,터미널점,경기도,연천군,prefix_short_brand,medium_short_brand,브랜드명이 짧아(4자 미만) 접두어가 일치해도 동명의 무관한 개인 상호일 가능성 있음
던킨/던킨도너츠,던킨안양동안점,,경기도,안양시 동안구,prefix_short_brand,medium_short_brand,브랜드명이 짧아(4자 미만) 접두어가 일치해도 동명의 무관한 개인 상호일 가능성 있음
던킨/던킨도너츠,던킨도넛츠아름,마을점,경기도,성남시 분당구,prefix_short_brand,medium_short_brand,브랜드명이 짧아(4자 미만) 접두어가 일치해도 동명의 무관한 개인 상호일 가능성 있음
던킨/던킨도너츠,던킨하남중앙,미사역점,경기도,하남시,prefix_short_brand,medium_short_brand,브랜드명이 짧아(4자 미만) 접두어가 일치해도 동명의 무관한 개인 상호일 가능성 있음
던킨/던킨도너츠,던킨도너츠광명,하안점,경기도,광명시,prefix_short_brand,medium_short_brand,브랜드명이 짧아(4자 미만) 접두어가 일치해도 동명의 무관한 개인 상호일 가능성 있음
던킨/던킨도너츠,던킨속초조양점,,강원특별자치도,속초시,prefix_short_brand,medium_short_brand,브랜드명이 짧아(4자 미만) 접두어가 일치해도 동명의 무관한 개인 상호일 가능성 있음
던킨/던킨도너츠,던킨도너츠원주단계점,,강원특별자치도,원주시,prefix_short_brand,medium_short_brand,브랜드명이 짧아(4자 미만) 접두어가 일치해도 동명의 무관한 개인 상호일 가능성 있음
던킨/던킨도너츠,던킨시흥능곡,,경기도,시흥시,prefix_short_brand,medium_short_brand,브랜드명이 짧아(4자 미만) 접두어가 일치해도 동명의 무관한 개인 상호일 가능성 있음
던킨/던킨도너츠,던킨도너츠평택용죽점,,경기도,평택시,prefix_short_brand,medium_short_brand,브랜드명이 짧아(4자 미만) 접두어가 일치해도 동명의 무관한 개인 상호일 가능성 있음
던킨/던킨도너츠,던킨고덕로데오,,경기도,평택시,prefix_short_brand,medium_short_brand,브랜드명이 짧아(4자 미만) 접두어가 일치해도 동명의 무관한 개인 상호일 가능성 있음
던킨/던킨도너츠,던킨시흥휴게소점,,경기도,시흥시,prefix_short_brand,medium_short_brand,브랜드명이 짧아(4자 미만) 접두어가 일치해도 동명의 무관한 개인 상호일 가능성 있음
던킨/던킨도너츠,던킨도너츠원곡점,,경기도,안산시 단원구,prefix_short_brand,medium_short_brand,브랜드명이 짧아(4자 미만) 접두어가 일치해도 동명의 무관한 개인 상호일 가능성 있음
던킨/던킨도너츠,던킨도너츠인덕원역사점,,경기도,안양시 동안구,prefix_short_brand,medium_short_brand,브랜드명이 짧아(4자 미만) 접두어가 일치해도 동명의 무관한 개인 상호일 가능성 있음
던킨/던킨도너츠,던킨도너츠창동하나로점,,서울특별시,도봉구,prefix_short_brand,medium_short_brand,브랜드명이 짧아(4자 미만) 접두어가 일치해도 동명의 무관한 개인 상호일 가능성 있음
던킨/던킨도너츠,던킨평택고덕궁리점,,경기도,평택시,prefix_short_brand,medium_short_brand,브랜드명이 짧아(4자 미만) 접두어가 일치해도 동명의 무관한 개인 상호일 가능성 있음
던킨/던킨도너츠,던킨도너츠광명,사거리점,경기도,광명시,prefix_short_brand,medium_short_brand,브랜드명이 짧아(4자 미만) 접두어가 일치해도 동명의 무관한 개인 상호일 가능성 있음
던킨/던킨도너츠,던킨도넛오산에어베이스점,,경기도,평택시,prefix_short_brand,medium_short_brand,브랜드명이 짧아(4자 미만) 접두어가 일치해도 동명의 무관한 개인 상호일 가능성 있음
던킨/던킨도너츠,던킨도너츠수원,월드컵점,경기도,수원시 팔달구,prefix_short_brand,medium_short_brand,브랜드명이 짧아(4자 미만) 접두어가 일치해도 동명의 무관한 개인 상호일 가능성 있음
던킨/던킨도너츠,던킨도너츠중앙공원점,,경기도,부천시 원미구,prefix_short_brand,medium_short_brand,브랜드명이 짧아(4자 미만) 접두어가 일치해도 동명의 무관한 개인 상호일 가능성 있음
던킨/던킨도너츠,던킨동두천,지행점,경기도,동두천시,prefix_short_brand,medium_short_brand,브랜드명이 짧아(4자 미만) 접두어가 일치해도 동명의 무관한 개인 상호일 가능성 있음
던킨/던킨도너츠,던킨도너츠영통,홈플러스점,경기도,수원시 영통구,prefix_short_brand,medium_short_brand,브랜드명이 짧아(4자 미만) 접두어가 일치해도 동명의 무관한 개인 상호일 가능성 있음
던킨/던킨도너츠,던킨도너츠시흥신천역사점,,경기도,시흥시,prefix_short_brand,medium_short_brand,브랜드명이 짧아(4자 미만) 접두어가 일치해도 동명의 무관한 개인 상호일 가능성 있음
던킨/던킨도너츠,던킨광주신현점,,경기도,광주시,prefix_short_brand,medium_short_brand,브랜드명이 짧아(4자 미만) 접두어가 일치해도 동명의 무관한 개인 상호일 가능성 있음
던킨/던킨도너츠,던킨시흥,정왕점,경기도,시흥시,prefix_short_brand,medium_short_brand,브랜드명이 짧아(4자 미만) 접두어가 일치해도 동명의 무관한 개인 상호일 가능성 있음
던킨/던킨도너츠,던킨도너츠서수원,이마트점,경기도,수원시 권선구,prefix_short_brand,medium_short_brand,브랜드명이 짧아(4자 미만) 접두어가 일치해도 동명의 무관한 개인 상호일 가능성 있음
던킨/던킨도너츠,던킨쥬네브점,,경기도,용인시 기흥구,prefix_short_brand,medium_short_brand,브랜드명이 짧아(4자 미만) 접두어가 일치해도 동명의 무관한 개인 상호일 가능성 있음
던킨/던킨도너츠,던킨도너츠파주금릉점,,경기도,파주시,prefix_short_brand,medium_short_brand,브랜드명이 짧아(4자 미만) 접두어가 일치해도 동명의 무관한 개인 상호일 가능성 있음
던킨/던킨도너츠,던킨도너츠수원,정자점,경기도,수원시 장안구,prefix_short_brand,medium_short_brand,브랜드명이 짧아(4자 미만) 접두어가 일치해도 동명의 무관한 개인 상호일 가능성 있음
던킨/던킨도너츠,던킨NC,고잔점,경기도,안산시 단원구,prefix_short_brand,medium_short_brand,브랜드명이 짧아(4자 미만) 접두어가 일치해도 동명의 무관한 개인 상호일 가능성 있음
던킨/던킨도너츠,던킨도너츠운정,야당점,경기도,파주시,prefix_short_brand,medium_short_brand,브랜드명이 짧아(4자 미만) 접두어가 일치해도 동명의 무관한 개인 상호일 가능성 있음
던킨/던킨도너츠,던킨도너츠원주혁신하나로마트점,,강원특별자치도,원주시,prefix_short_brand,medium_short_brand,브랜드명이 짧아(4자 미만) 접두어가 일치해도 동명의 무관한 개인 상호일 가능성 있음
던킨/던킨도너츠,던킨도넛평택미군기지모닝캄점,,경기도,평택시,prefix_short_brand,medium_short_brand,브랜드명이 짧아(4자 미만) 접두어가 일치해도 동명의 무관한 개인 상호일 가능성 있음
던킨/던킨도너츠,던킨산본수리점,,경기도,군포시,prefix_short_brand,medium_short_brand,브랜드명이 짧아(4자 미만) 접두어가 일치해도 동명의 무관한 개인 상호일 가능성 있음
던킨/던킨도너츠,던킨도넛츠삼척,중앙점,강원특별자치도,삼척시,prefix_short_brand,medium_short_brand,브랜드명이 짧아(4자 미만) 접두어가 일치해도 동명의 무관한 개인 상호일 가능성 있음
던킨/던킨도너츠,던킨도너츠춘천장학,,강원특별자치도,춘천시,prefix_short_brand,medium_short_brand,브랜드명이 짧아(4자 미만) 접두어가 일치해도 동명의 무관한 개인 상호일 가능성 있음
던킨/던킨도너츠,던킨강릉,교동점,강원특별자치도,강릉시,prefix_short_brand,medium_short_brand,브랜드명이 짧아(4자 미만) 접두어가 일치해도 동명의 무관한 개인 상호일 가능성 있음
던킨/던킨도너츠,던킨도너츠마장휴게소점하,,경기도,이천시,prefix_short_brand,medium_short_brand,브랜드명이 짧아(4자 미만) 접두어가 일치해도 동명의 무관한 개인 상호일 가능성 있음
던킨/던킨도너츠,던킨도너츠수원컨벤션,센터점,경기도,수원시 영통구,prefix_short_brand,medium_short_brand,브랜드명이 짧아(4자 미만) 접두어가 일치해도 동명의 무관한 개인 상호일 가능성 있음
던킨/던킨도너츠,던킨포천송우리점,,경기도,포천시,prefix_short_brand,medium_short_brand,브랜드명이 짧아(4자 미만) 접두어가 일치해도 동명의 무관한 개인 상호일 가능성 있음
던킨/던킨도너츠,던킨도너츠서하남휴게소점,,경기도,하남시,prefix_short_brand,medium_short_brand,브랜드명이 짧아(4자 미만) 접두어가 일치해도 동명의 무관한 개인 상호일 가능성 있음
던킨/던킨도너츠,던킨도너츠일산,마두점,경기도,고양시 일산동구,prefix_short_brand,medium_short_brand,브랜드명이 짧아(4자 미만) 접두어가 일치해도 동명의 무관한 개인 상호일 가능성 있음
던킨/던킨도너츠,던킨부천,역곡점,경기도,부천시 소사구,prefix_short_brand,medium_short_brand,브랜드명이 짧아(4자 미만) 접두어가 일치해도 동명의 무관한 개인 상호일 가능성 있음
던킨/던킨도너츠,던킨배곧아브뉴프랑점,,경기도,시흥시,prefix_short_brand,medium_short_brand,브랜드명이 짧아(4자 미만) 접두어가 일치해도 동명의 무관한 개인 상호일 가능성 있음
던킨/던킨도너츠,던킨의정부고산점,,경기도,의정부시,prefix_short_brand,medium_short_brand,브랜드명이 짧아(4자 미만) 접두어가 일치해도 동명의 무관한 개인 상호일 가능성 있음
던킨/던킨도너츠,던킨도너츠남양주,장현점,경기도,남양주시,prefix_short_brand,medium_short_brand,브랜드명이 짧아(4자 미만) 접두어가 일치해도 동명의 무관한 개인 상호일 가능성 있음
던킨/던킨도너츠,던킨도너츠회룡역점,,경기도,의정부시,prefix_short_brand,medium_short_brand,브랜드명이 짧아(4자 미만) 접두어가 일치해도 동명의 무관한 개인 상호일 가능성 있음
던킨/던킨도너츠,던킨화성삼성전자1호,,경기도,화성시 병점구,prefix_short_brand,medium_short_brand,브랜드명이 짧아(4자 미만) 접두어가 일치해도 동명의 무관한 개인 상호일 가능성 있음
던킨/던킨도너츠,던킨도너츠분당효자촌점,,경기도,성남시 분당구,prefix_short_brand,medium_short_brand,브랜드명이 짧아(4자 미만) 접두어가 일치해도 동명의 무관한 개인 상호일 가능성 있음
던킨/던킨도너츠,던킨구리갈매점,,경기도,구리시,prefix_short_brand,medium_short_brand,브랜드명이 짧아(4자 미만) 접두어가 일치해도 동명의 무관한 개인 상호일 가능성 있음
던킨/던킨도너츠,던킨도넛동두천미군기지캠프케이시점,,경기도,동두천시,prefix_short_brand,medium_short_brand,브랜드명이 짧아(4자 미만) 접두어가 일치해도 동명의 무관한 개인 상호일 가능성 있음
던킨/던킨도너츠,던킨도너츠부천상동,,경기도,부천시 원미구,prefix_short_brand,medium_short_brand,브랜드명이 짧아(4자 미만) 접두어가 일치해도 동명의 무관한 개인 상호일 가능성 있음
던킨/던킨도너츠,던킨도너츠주엽점,롯데마트,경기도,고양시 일산서구,prefix_short_brand,medium_short_brand,브랜드명이 짧아(4자 미만) 접두어가 일치해도 동명의 무관한 개인 상호일 가능성 있음
던킨/던킨도너츠,던킨도넛츠용인,한숲시티점,경기도,용인시 처인구,prefix_short_brand,medium_short_brand,브랜드명이 짧아(4자 미만) 접두어가 일치해도 동명의 무관한 개인 상호일 가능성 있음
던킨/던킨도너츠,던킨도너츠김포,장기점,경기도,김포시,prefix_short_brand,medium_short_brand,브랜드명이 짧아(4자 미만) 접두어가 일치해도 동명의 무관한 개인 상호일 가능성 있음
던킨/던킨도너츠,던킨의정부,녹양점,경기도,의정부시,prefix_short_brand,medium_short_brand,브랜드명이 짧아(4자 미만) 접두어가 일치해도 동명의 무관한 개인 상호일 가능성 있음
던킨/던킨도너츠,던킨도너츠김포사우점,,경기도,김포시,prefix_short_brand,medium_short_brand,브랜드명이 짧아(4자 미만) 접두어가 일치해도 동명의 무관한 개인 상호일 가능성 있음
던킨/던킨도너츠,던킨동탄나루,마을점,경기도,화성시 동탄구,prefix_short_brand,medium_short_brand,브랜드명이 짧아(4자 미만) 접두어가 일치해도 동명의 무관한 개인 상호일 가능성 있음
던킨/던킨도너츠,던킨죽전역점,,경기도,용인시 수지구,prefix_short_brand,medium_short_brand,브랜드명이 짧아(4자 미만) 접두어가 일치해도 동명의 무관한 개인 상호일 가능성 있음
던킨/던킨도너츠,던킨안성공도,,경기도,안성시,prefix_short_brand,medium_short_brand,브랜드명이 짧아(4자 미만) 접두어가 일치해도 동명의 무관한 개인 상호일 가능성 있음
던킨/던킨도너츠,던킨부산,서면점,부산광역시,부산진구,prefix_short_brand,medium_short_brand,브랜드명이 짧아(4자 미만) 접두어가 일치해도 동명의 무관한 개인 상호일 가능성 있음
던킨/던킨도너츠,던킨도넛,,부산광역시,동래구,prefix_short_brand,medium_short_brand,브랜드명이 짧아(4자 미만) 접두어가 일치해도 동명의 무관한 개인 상호일 가능성 있음
던킨/던킨도너츠,던킨도너츠대전,송촌점,대전광역시,대덕구,prefix_short_brand,medium_short_brand,브랜드명이 짧아(4자 미만) 접두어가 일치해도 동명의 무관한 개인 상호일 가능성 있음
던킨/던킨도너츠,던킨도너츠대전,카이스트점,대전광역시,유성구,prefix_short_brand,medium_short_brand,브랜드명이 짧아(4자 미만) 접두어가 일치해도 동명의 무관한 개인 상호일 가능성 있음
던킨/던킨도너츠,던킨도너츠원광종합,병원점,경기도,화성시 병점구,prefix_short_brand,medium_short_brand,브랜드명이 짧아(4자 미만) 접두어가 일치해도 동명의 무관한 개인 상호일 가능성 있음
던킨/던킨도너츠,던킨도너츠대전,충남대점,대전광역시,유성구,prefix_short_brand,medium_short_brand,브랜드명이 짧아(4자 미만) 접두어가 일치해도 동명의 무관한 개인 상호일 가능성 있음
던킨/던킨도너츠,던킨대전,목동점,대전광역시,중구,prefix_short_brand,medium_short_brand,브랜드명이 짧아(4자 미만) 접두어가 일치해도 동명의 무관한 개인 상호일 가능성 있음
던킨/던킨도너츠,던킨도넛,,대전광역시,유성구,prefix_short_brand,medium_short_brand,브랜드명이 짧아(4자 미만) 접두어가 일치해도 동명의 무관한 개인 상호일 가능성 있음
던킨/던킨도너츠,던킨도너츠유성,홈플러스점,대전광역시,유성구,prefix_short_brand,medium_short_brand,브랜드명이 짧아(4자 미만) 접두어가 일치해도 동명의 무관한 개인 상호일 가능성 있음
던킨/던킨도너츠,던킨도너츠효동점,,대전광역시,동구,prefix_short_brand,medium_short_brand,브랜드명이 짧아(4자 미만) 접두어가 일치해도 동명의 무관한 개인 상호일 가능성 있음
던킨/던킨도너츠,던킨도너츠비아이에프씨점,,부산광역시,남구,prefix_short_brand,medium_short_brand,브랜드명이 짧아(4자 미만) 접두어가 일치해도 동명의 무관한 개인 상호일 가능성 있음
던킨/던킨도너츠,던킨도너츠대전자생,병원점,대전광역시,서구,prefix_short_brand,medium_short_brand,브랜드명이 짧아(4자 미만) 접두어가 일치해도 동명의 무관한 개인 상호일 가능성 있음
던킨/던킨도너츠,던킨대구공항국내선점,,대구광역시,동구,prefix_short_brand,medium_short_brand,브랜드명이 짧아(4자 미만) 접두어가 일치해도 동명의 무관한 개인 상호일 가능성 있음
던킨/던킨도너츠,던킨한영아동병원,,대구광역시,남구,prefix_short_brand,medium_short_brand,브랜드명이 짧아(4자 미만) 접두어가 일치해도 동명의 무관한 개인 상호일 가능성 있음
던킨/던킨도너츠,던킨대구성서,롯데점,대구광역시,달서구,prefix_short_brand,medium_short_brand,브랜드명이 짧아(4자 미만) 접두어가 일치해도 동명의 무관한 개인 상호일 가능성 있음
던킨/던킨도너츠,던킨도너츠드림,병원점,대구광역시,남구,prefix_short_brand,medium_short_brand,브랜드명이 짧아(4자 미만) 접두어가 일치해도 동명의 무관한 개인 상호일 가능성 있음
던킨/던킨도너츠,던킨대구,중앙로역점,대구광역시,중구,prefix_short_brand,medium_short_brand,브랜드명이 짧아(4자 미만) 접두어가 일치해도 동명의 무관한 개인 상호일 가능성 있음
던킨/던킨도너츠,던킨도너츠홈플러스성서점,,대구광역시,달서구,prefix_short_brand,medium_short_brand,브랜드명이 짧아(4자 미만) 접두어가 일치해도 동명의 무관한 개인 상호일 가능성 있음
던킨/던킨도너츠,던킨대구광장,,대구광역시,서구,prefix_short_brand,medium_short_brand,브랜드명이 짧아(4자 미만) 접두어가 일치해도 동명의 무관한 개인 상호일 가능성 있음
던킨/던킨도너츠,던킨도너츠수성,홈플러스점,대구광역시,수성구,prefix_short_brand,medium_short_brand,브랜드명이 짧아(4자 미만) 접두어가 일치해도 동명의 무관한 개인 상호일 가능성 있음
던킨/던킨도너츠,던킨도너츠농협하나로달성점,,대구광역시,달성군,prefix_short_brand,medium_short_brand,브랜드명이 짧아(4자 미만) 접두어가 일치해도 동명의 무관한 개인 상호일 가능성 있음
던킨/던킨도너츠,던킨KB빌딩점,,대구광역시,수성구,prefix_short_brand,medium_short_brand,브랜드명이 짧아(4자 미만) 접두어가 일치해도 동명의 무관한 개인 상호일 가능성 있음
던킨/던킨도너츠,던킨대구은행역점,,대구광역시,수성구,prefix_short_brand,medium_short_brand,브랜드명이 짧아(4자 미만) 접두어가 일치해도 동명의 무관한 개인 상호일 가능성 있음
던킨/던킨도너츠,던킨대구신,월성점,대구광역시,달서구,prefix_short_brand,medium_short_brand,브랜드명이 짧아(4자 미만) 접두어가 일치해도 동명의 무관한 개인 상호일 가능성 있음
던킨/던킨도너츠,던킨도너츠부민,병원점,부산광역시,북구,prefix_short_brand,medium_short_brand,브랜드명이 짧아(4자 미만) 접두어가 일치해도 동명의 무관한 개인 상호일 가능성 있음
던킨/던킨도너츠,던킨도너츠센텀시티홈플러스,,부산광역시,해운대구,prefix_short_brand,medium_short_brand,브랜드명이 짧아(4자 미만) 접두어가 일치해도 동명의 무관한 개인 상호일 가능성 있음
던킨/던킨도너츠,던킨신풍역점,,서울특별시,영등포구,prefix_short_brand,medium_short_brand,브랜드명이 짧아(4자 미만) 접두어가 일치해도 동명의 무관한 개인 상호일 가능성 있음
던킨/던킨도너츠,던킨도너츠서대문,홍은점,서울특별시,서대문구,prefix_short_brand,medium_short_brand,브랜드명이 짧아(4자 미만) 접두어가 일치해도 동명의 무관한 개인 상호일 가능성 있음
던킨/던킨도너츠,던킨도너츠LG서울역빌딩점,,서울특별시,중구,prefix_short_brand,medium_short_brand,브랜드명이 짧아(4자 미만) 접두어가 일치해도 동명의 무관한 개인 상호일 가능성 있음
던킨/던킨도너츠,던킨도너츠중대,병원점,서울특별시,동작구,prefix_short_brand,medium_short_brand,브랜드명이 짧아(4자 미만) 접두어가 일치해도 동명의 무관한 개인 상호일 가능성 있음
던킨/던킨도너츠,던킨신정뉴타운점,,서울특별시,양천구,prefix_short_brand,medium_short_brand,브랜드명이 짧아(4자 미만) 접두어가 일치해도 동명의 무관한 개인 상호일 가능성 있음
던킨/던킨도너츠,던킨도너츠삼성GEC점,,서울특별시,강동구,prefix_short_brand,medium_short_brand,브랜드명이 짧아(4자 미만) 접두어가 일치해도 동명의 무관한 개인 상호일 가능성 있음
던킨/던킨도너츠,던킨도너츠역삼GS,타워점,서울특별시,강남구,prefix_short_brand,medium_short_brand,브랜드명이 짧아(4자 미만) 접두어가 일치해도 동명의 무관한 개인 상호일 가능성 있음
던킨/던킨도너츠,던킨도너츠신도림,홈플러스점,서울특별시,구로구,prefix_short_brand,medium_short_brand,브랜드명이 짧아(4자 미만) 접두어가 일치해도 동명의 무관한 개인 상호일 가능성 있음
던킨/던킨도너츠,던킨서울역,서부점,서울특별시,중구,prefix_short_brand,medium_short_brand,브랜드명이 짧아(4자 미만) 접두어가 일치해도 동명의 무관한 개인 상호일 가능성 있음
던킨/던킨도너츠,던킨도너츠목동남로점,,서울특별시,구로구,prefix_short_brand,medium_short_brand,브랜드명이 짧아(4자 미만) 접두어가 일치해도 동명의 무관한 개인 상호일 가능성 있음
던킨/던킨도너츠,던킨트레이더스,연산점,부산광역시,연제구,prefix_short_brand,medium_short_brand,브랜드명이 짧아(4자 미만) 접두어가 일치해도 동명의 무관한 개인 상호일 가능성 있음
던킨/던킨도너츠,던킨도너츠부산미래,병원점,부산광역시,동래구,prefix_short_brand,medium_short_brand,브랜드명이 짧아(4자 미만) 접두어가 일치해도 동명의 무관한 개인 상호일 가능성 있음
던킨/던킨도너츠,던킨오션시티점,명지,부산광역시,강서구,prefix_short_brand,medium_short_brand,브랜드명이 짧아(4자 미만) 접두어가 일치해도 동명의 무관한 개인 상호일 가능성 있음
던킨/던킨도너츠,던킨도너츠온천장역점,,부산광역시,동래구,prefix_short_brand,medium_short_brand,브랜드명이 짧아(4자 미만) 접두어가 일치해도 동명의 무관한 개인 상호일 가능성 있음
던킨/던킨도너츠,던킨부산,개금역점,부산광역시,부산진구,prefix_short_brand,medium_short_brand,브랜드명이 짧아(4자 미만) 접두어가 일치해도 동명의 무관한 개인 상호일 가능성 있음
던킨/던킨도너츠,던킨하단아트몰링점,,부산광역시,사하구,prefix_short_brand,medium_short_brand,브랜드명이 짧아(4자 미만) 접두어가 일치해도 동명의 무관한 개인 상호일 가능성 있음
던킨/던킨도너츠,던킨도너츠부산,고신대점,부산광역시,서구,prefix_short_brand,medium_short_brand,브랜드명이 짧아(4자 미만) 접두어가 일치해도 동명의 무관한 개인 상호일 가능성 있음
던킨/던킨도너츠,던킨서면역점,,부산광역시,부산진구,prefix_short_brand,medium_short_brand,브랜드명이 짧아(4자 미만) 접두어가 일치해도 동명의 무관한 개인 상호일 가능성 있음
던킨/던킨도너츠,던킨도너츠홈플러스,아시아드점,부산광역시,연제구,prefix_short_brand,medium_short_brand,브랜드명이 짧아(4자 미만) 접두어가 일치해도 동명의 무관한 개인 상호일 가능성 있음
던킨/던킨도너츠,던킨도너츠부산시청역사점,,부산광역시,연제구,prefix_short_brand,medium_short_brand,브랜드명이 짧아(4자 미만) 접두어가 일치해도 동명의 무관한 개인 상호일 가능성 있음
던킨/던킨도너츠,던킨엔씨,서면점,부산광역시,부산진구,prefix_short_brand,medium_short_brand,브랜드명이 짧아(4자 미만) 접두어가 일치해도 동명의 무관한 개인 상호일 가능성 있음
던킨/던킨도너츠,던킨도너츠역사점,해운대,부산광역시,해운대구,prefix_short_brand,medium_short_brand,브랜드명이 짧아(4자 미만) 접두어가 일치해도 동명의 무관한 개인 상호일 가능성 있음
던킨/던킨도너츠,던킨부산종합운동장역,,부산광역시,연제구,prefix_short_brand,medium_short_brand,브랜드명이 짧아(4자 미만) 접두어가 일치해도 동명의 무관한 개인 상호일 가능성 있음
던킨/던킨도너츠,던킨도너츠대구,남산점,대구광역시,중구,prefix_short_brand,medium_short_brand,브랜드명이 짧아(4자 미만) 접두어가 일치해도 동명의 무관한 개인 상호일 가능성 있음
던킨/던킨도너츠,던킨도너츠대전,태평점,대전광역시,중구,prefix_short_brand,medium_short_brand,브랜드명이 짧아(4자 미만) 접두어가 일치해도 동명의 무관한 개인 상호일 가능성 있음
던킨/던킨도너츠,던킨대구신천,,대구광역시,동구,prefix_short_brand,medium_short_brand,브랜드명이 짧아(4자 미만) 접두어가 일치해도 동명의 무관한 개인 상호일 가능성 있음
던킨/던킨도너츠,던킨도너츠상주,터미널점,경상북도,상주시,prefix_short_brand,medium_short_brand,브랜드명이 짧아(4자 미만) 접두어가 일치해도 동명의 무관한 개인 상호일 가능성 있음
던킨/던킨도너츠,던킨도넛츠,구미인동점,경상북도,구미시,prefix_short_brand,medium_short_brand,브랜드명이 짧아(4자 미만) 접두어가 일치해도 동명의 무관한 개인 상호일 가능성 있음
던킨/던킨도너츠,던킨도너츠영주,중앙점,경상북도,영주시,prefix_short_brand,medium_short_brand,브랜드명이 짧아(4자 미만) 접두어가 일치해도 동명의 무관한 개인 상호일 가능성 있음
던킨/던킨도너츠,던킨경주,시청점,경상북도,경주시,prefix_short_brand,medium_short_brand,브랜드명이 짧아(4자 미만) 접두어가 일치해도 동명의 무관한 개인 상호일 가능성 있음
던킨/던킨도너츠,던킨도너츠세명,병원점,경상북도,경산시,prefix_short_brand,medium_short_brand,브랜드명이 짧아(4자 미만) 접두어가 일치해도 동명의 무관한 개인 상호일 가능성 있음
던킨/던킨도너츠,던킨도너츠진주인벤스점,,경상남도,진주시,prefix_short_brand,medium_short_brand,브랜드명이 짧아(4자 미만) 접두어가 일치해도 동명의 무관한 개인 상호일 가능성 있음
던킨/던킨도너츠,던킨양산덕계,,경상남도,양산시,prefix_short_brand,medium_short_brand,브랜드명이 짧아(4자 미만) 접두어가 일치해도 동명의 무관한 개인 상호일 가능성 있음
던킨/던킨도너츠,던킨장유여객,터미널점,경상남도,김해시,prefix_short_brand,medium_short_brand,브랜드명이 짧아(4자 미만) 접두어가 일치해도 동명의 무관한 개인 상호일 가능성 있음
던킨/던킨도너츠,던킨창원한마음점,,경상남도,창원시 의창구,prefix_short_brand,medium_short_brand,브랜드명이 짧아(4자 미만) 접두어가 일치해도 동명의 무관한 개인 상호일 가능성 있음
던킨/던킨도너츠,던킨양산사송점,,경상남도,양산시,prefix_short_brand,medium_short_brand,브랜드명이 짧아(4자 미만) 접두어가 일치해도 동명의 무관한 개인 상호일 가능성 있음
던킨/던킨도너츠,던킨도너츠김해,터미널점,경상남도,김해시,prefix_short_brand,medium_short_brand,브랜드명이 짧아(4자 미만) 접두어가 일치해도 동명의 무관한 개인 상호일 가능성 있음
던킨/던킨도너츠,던킨김해,율하점,경상남도,김해시,prefix_short_brand,medium_short_brand,브랜드명이 짧아(4자 미만) 접두어가 일치해도 동명의 무관한 개인 상호일 가능성 있음
던킨/던킨도너츠,던킨도너츠양산,증산점,경상남도,양산시,prefix_short_brand,medium_short_brand,브랜드명이 짧아(4자 미만) 접두어가 일치해도 동명의 무관한 개인 상호일 가능성 있음
던킨/던킨도너츠,던킨도너츠진주,평거점,경상남도,진주시,prefix_short_brand,medium_short_brand,브랜드명이 짧아(4자 미만) 접두어가 일치해도 동명의 무관한 개인 상호일 가능성 있음
던킨/던킨도너츠,던킨경북왜관점,,경상북도,칠곡군,prefix_short_brand,medium_short_brand,브랜드명이 짧아(4자 미만) 접두어가 일치해도 동명의 무관한 개인 상호일 가능성 있음
던킨/던킨도너츠,던킨양산,석산점,경상남도,양산시,prefix_short_brand,medium_short_brand,브랜드명이 짧아(4자 미만) 접두어가 일치해도 동명의 무관한 개인 상호일 가능성 있음
던킨/던킨도너츠,던킨마산,양덕점,경상남도,창원시 마산회원구,prefix_short_brand,medium_short_brand,브랜드명이 짧아(4자 미만) 접두어가 일치해도 동명의 무관한 개인 상호일 가능성 있음
던킨/던킨도너츠,던킨도너츠진해,석동점,경상남도,창원시 진해구,prefix_short_brand,medium_short_brand,브랜드명이 짧아(4자 미만) 접두어가 일치해도 동명의 무관한 개인 상호일 가능성 있음
던킨/던킨도너츠,던킨진주평거퀸즈웰가점,,경상남도,진주시,prefix_short_brand,medium_short_brand,브랜드명이 짧아(4자 미만) 접두어가 일치해도 동명의 무관한 개인 상호일 가능성 있음
던킨/던킨도너츠,던킨도너츠물금점,,경상남도,양산시,prefix_short_brand,medium_short_brand,브랜드명이 짧아(4자 미만) 접두어가 일치해도 동명의 무관한 개인 상호일 가능성 있음
던킨/던킨도너츠,던킨도너츠대안점,,경상남도,진주시,prefix_short_brand,medium_short_brand,브랜드명이 짧아(4자 미만) 접두어가 일치해도 동명의 무관한 개인 상호일 가능성 있음
던킨/던킨도너츠,던킨경남,고성점,경상남도,고성군,prefix_short_brand,medium_short_brand,브랜드명이 짧아(4자 미만) 접두어가 일치해도 동명의 무관한 개인 상호일 가능성 있음
던킨/던킨도너츠,던킨도너츠본리점,,대구광역시,달서구,prefix_short_brand,medium_short_brand,브랜드명이 짧아(4자 미만) 접두어가 일치해도 동명의 무관한 개인 상호일 가능성 있음
던킨/던킨도너츠,던킨도너츠풍무역점,,경기도,김포시,prefix_short_brand,medium_short_brand,브랜드명이 짧아(4자 미만) 접두어가 일치해도 동명의 무관한 개인 상호일 가능성 있음
던킨/던킨도너츠,던킨도너츠병점,홈플러스점,경기도,화성시 병점구,prefix_short_brand,medium_short_brand,브랜드명이 짧아(4자 미만) 접두어가 일치해도 동명의 무관한 개인 상호일 가능성 있음
던킨/던킨도너츠,던킨원종역점,,경기도,부천시 오정구,prefix_short_brand,medium_short_brand,브랜드명이 짧아(4자 미만) 접두어가 일치해도 동명의 무관한 개인 상호일 가능성 있음
던킨/던킨도너츠,던킨도너츠점웅진플레이도시점,,경기도,부천시 원미구,prefix_short_brand,medium_short_brand,브랜드명이 짧아(4자 미만) 접두어가 일치해도 동명의 무관한 개인 상호일 가능성 있음
던킨/던킨도너츠,던킨도너츠양주덕정점,,경기도,양주시,prefix_short_brand,medium_short_brand,브랜드명이 짧아(4자 미만) 접두어가 일치해도 동명의 무관한 개인 상호일 가능성 있음
던킨/던킨도너츠,던킨도너츠수원능실,마을점,경기도,수원시 권선구,prefix_short_brand,medium_short_brand,브랜드명이 짧아(4자 미만) 접두어가 일치해도 동명의 무관한 개인 상호일 가능성 있음
던킨/던킨도너츠,던킨시흥은계,,경기도,시흥시,prefix_short_brand,medium_short_brand,브랜드명이 짧아(4자 미만) 접두어가 일치해도 동명의 무관한 개인 상호일 가능성 있음
던킨/던킨도너츠,던킨진주,혁신점,경상남도,진주시,prefix_short_brand,medium_short_brand,브랜드명이 짧아(4자 미만) 접두어가 일치해도 동명의 무관한 개인 상호일 가능성 있음
던킨/던킨도너츠,던킨구미북삼점,,경상북도,구미시,prefix_short_brand,medium_short_brand,브랜드명이 짧아(4자 미만) 접두어가 일치해도 동명의 무관한 개인 상호일 가능성 있음
던킨/던킨도너츠,던킨도너츠창원팔용점,,경상남도,창원시 의창구,prefix_short_brand,medium_short_brand,브랜드명이 짧아(4자 미만) 접두어가 일치해도 동명의 무관한 개인 상호일 가능성 있음
던킨/던킨도너츠,던킨도너츠KT대구케이티에스테,타워점,대구광역시,중구,prefix_short_brand,medium_short_brand,브랜드명이 짧아(4자 미만) 접두어가 일치해도 동명의 무관한 개인 상호일 가능성 있음
던킨/던킨도너츠,던킨도너츠경산역점,,경상북도,경산시,prefix_short_brand,medium_short_brand,브랜드명이 짧아(4자 미만) 접두어가 일치해도 동명의 무관한 개인 상호일 가능성 있음
던킨/던킨도너츠,던킨도너츠구미확장점,,경상북도,구미시,prefix_short_brand,medium_short_brand,브랜드명이 짧아(4자 미만) 접두어가 일치해도 동명의 무관한 개인 상호일 가능성 있음
던킨/던킨도너츠,던킨대구,대곡점,대구광역시,달서구,prefix_short_brand,medium_short_brand,브랜드명이 짧아(4자 미만) 접두어가 일치해도 동명의 무관한 개인 상호일 가능성 있음
던킨/던킨도너츠,던킨도넛경북,의성점,경상북도,의성군,prefix_short_brand,medium_short_brand,브랜드명이 짧아(4자 미만) 접두어가 일치해도 동명의 무관한 개인 상호일 가능성 있음
던킨/던킨도너츠,던킨도너츠문덕점,,경상북도,포항시 남구,prefix_short_brand,medium_short_brand,브랜드명이 짧아(4자 미만) 접두어가 일치해도 동명의 무관한 개인 상호일 가능성 있음
던킨/던킨도너츠,던킨도너츠칠곡,홈플러스점,대구광역시,북구,prefix_short_brand,medium_short_brand,브랜드명이 짧아(4자 미만) 접두어가 일치해도 동명의 무관한 개인 상호일 가능성 있음
던킨/던킨도너츠,던킨도너츠경산꿈나무점,,경상북도,경산시,prefix_short_brand,medium_short_brand,브랜드명이 짧아(4자 미만) 접두어가 일치해도 동명의 무관한 개인 상호일 가능성 있음
던킨/던킨도너츠,던킨한국도로공사본사점,,경상북도,김천시,prefix_short_brand,medium_short_brand,브랜드명이 짧아(4자 미만) 접두어가 일치해도 동명의 무관한 개인 상호일 가능성 있음
던킨/던킨도너츠,던킨구미,형곡점,경상북도,구미시,prefix_short_brand,medium_short_brand,브랜드명이 짧아(4자 미만) 접두어가 일치해도 동명의 무관한 개인 상호일 가능성 있음
던킨/던킨도너츠,던킨김천신음점,,경상북도,김천시,prefix_short_brand,medium_short_brand,브랜드명이 짧아(4자 미만) 접두어가 일치해도 동명의 무관한 개인 상호일 가능성 있음
던킨/던킨도너츠,던킨도너츠대백프라자,,대구광역시,중구,prefix_short_brand,medium_short_brand,브랜드명이 짧아(4자 미만) 접두어가 일치해도 동명의 무관한 개인 상호일 가능성 있음
던킨/던킨도너츠,던킨도너츠김천구미역사점,,경상북도,김천시,prefix_short_brand,medium_short_brand,브랜드명이 짧아(4자 미만) 접두어가 일치해도 동명의 무관한 개인 상호일 가능성 있음
던킨/던킨도너츠,던킨경북왜관점,,경상북도,칠곡군,prefix_short_brand,medium_short_brand,브랜드명이 짧아(4자 미만) 접두어가 일치해도 동명의 무관한 개인 상호일 가능성 있음
던킨/던킨도너츠,던킨안동옥동점,,경상북도,안동시,prefix_short_brand,medium_short_brand,브랜드명이 짧아(4자 미만) 접두어가 일치해도 동명의 무관한 개인 상호일 가능성 있음
던킨/던킨도너츠,던킨도너츠구미구평점,,경상북도,구미시,prefix_short_brand,medium_short_brand,브랜드명이 짧아(4자 미만) 접두어가 일치해도 동명의 무관한 개인 상호일 가능성 있음
던킨/던킨도너츠,던킨도너츠대구,율하점,대구광역시,동구,prefix_short_brand,medium_short_brand,브랜드명이 짧아(4자 미만) 접두어가 일치해도 동명의 무관한 개인 상호일 가능성 있음
도넛킬러,카페도넛킬러동탄라크몽점,,경기도,화성시 동탄구,contains_nonprefix,low,브랜드명이 상호명 맨 앞이 아닌 중간/뒤에 위치 (접두어 불일치)
도넛킬러,카페도넛킬러신세계아울렛,시흥점,경기도,시흥시,contains_nonprefix,low,브랜드명이 상호명 맨 앞이 아닌 중간/뒤에 위치 (접두어 불일치)
도넛킬러,카페도넛킬러전주점,,전북특별자치도,전주시 덕진구,contains_nonprefix,low,브랜드명이 상호명 맨 앞이 아닌 중간/뒤에 위치 (접두어 불일치)
디에그,디에그약수점,,서울특별시,중구,prefix_short_brand,medium_short_brand,브랜드명이 짧아(4자 미만) 접두어가 일치해도 동명의 무관한 개인 상호일 가능성 있음
따삐오,따삐오죽변점,,경상북도,울진군,prefix_short_brand,medium_short_brand,브랜드명이 짧아(4자 미만) 접두어가 일치해도 동명의 무관한 개인 상호일 가능성 있음
따삐오,따삐오농협괴산점,,충청북도,괴산군,prefix_short_brand,medium_short_brand,브랜드명이 짧아(4자 미만) 접두어가 일치해도 동명의 무관한 개인 상호일 가능성 있음
따삐오,따삐오롯데,안양점,경기도,안양시 만안구,prefix_short_brand,medium_short_brand,브랜드명이 짧아(4자 미만) 접두어가 일치해도 동명의 무관한 개인 상호일 가능성 있음
따삐오,따삐오베이커리,,경상북도,성주군,prefix_short_brand,medium_short_brand,브랜드명이 짧아(4자 미만) 접두어가 일치해도 동명의 무관한 개인 상호일 가능성 있음
뚜레쥬르,부산엄궁뚜레쥬르,,부산광역시,사상구,contains_nonprefix,low,브랜드명이 상호명 맨 앞이 아닌 중간/뒤에 위치 (접두어 불일치)
뚜레쥬르,다은산업뚜레쥬르청구성조점,,대구광역시,수성구,contains_nonprefix,low,브랜드명이 상호명 맨 앞이 아닌 중간/뒤에 위치 (접두어 불일치)
뚜레쥬르,라온피앤에프뚜레쥬르동대구역사점,,대구광역시,동구,contains_nonprefix,low,브랜드명이 상호명 맨 앞이 아닌 중간/뒤에 위치 (접두어 불일치)
뚜레쥬르,씨제이푸드빌-뚜레쥬르,강남점,서울특별시,서초구,contains_nonprefix,low,브랜드명이 상호명 맨 앞이 아닌 중간/뒤에 위치 (접두어 불일치)
뚜레쥬르,해병대1사단뚜레쥬르,,경상북도,포항시 남구,contains_nonprefix,low,브랜드명이 상호명 맨 앞이 아닌 중간/뒤에 위치 (접두어 불일치)
뚜레쥬르,씨제이푸드빌뚜레쥬르잠실트리지움점,,서울특별시,송파구,contains_nonprefix,low,브랜드명이 상호명 맨 앞이 아닌 중간/뒤에 위치 (접두어 불일치)
뚜레쥬르,씨제이푸드빌뚜레쥬르카페,교대역점,서울특별시,서초구,contains_nonprefix,low,브랜드명이 상호명 맨 앞이 아닌 중간/뒤에 위치 (접두어 불일치)
뚜레쥬르,삼성창원병원뚜레쥬르,,경상남도,창원시 마산회원구,contains_nonprefix,low,브랜드명이 상호명 맨 앞이 아닌 중간/뒤에 위치 (접두어 불일치)
뚜레쥬르,덕신뚜레쥬르,,울산광역시,울주군,contains_nonprefix,low,브랜드명이 상호명 맨 앞이 아닌 중간/뒤에 위치 (접두어 불일치)
뚜레쥬르,주원베이커리뚜레쥬르나사렛국제,병원점,인천광역시,연수구,contains_nonprefix,low,브랜드명이 상호명 맨 앞이 아닌 중간/뒤에 위치 (접두어 불일치)
뚜레쥬르,지디뚜레쥬르영광법성포점,,전남광주통합특별시,영광군,contains_nonprefix,low,브랜드명이 상호명 맨 앞이 아닌 중간/뒤에 위치 (접두어 불일치)
뚜레쥬르,CJ뚜레쥬르제과점광주금호종원점,,전남광주통합특별시,서구,contains_nonprefix,low,브랜드명이 상호명 맨 앞이 아닌 중간/뒤에 위치 (접두어 불일치)
뚜레쥬르,충남뚜레쥬르,청양점,충청남도,청양군,contains_nonprefix,low,브랜드명이 상호명 맨 앞이 아닌 중간/뒤에 위치 (접두어 불일치)
뚜레쥬르,CJ푸드빌뚜레쥬르대학로,,서울특별시,종로구,contains_nonprefix,low,브랜드명이 상호명 맨 앞이 아닌 중간/뒤에 위치 (접두어 불일치)
뚜레쥬르,마산터미널뚜레쥬르,,경상남도,창원시 마산회원구,contains_nonprefix,low,브랜드명이 상호명 맨 앞이 아닌 중간/뒤에 위치 (접두어 불일치)
뚜레쥬르,부산다대현대점뚜레쥬르,,부산광역시,사하구,contains_nonprefix,low,브랜드명이 상호명 맨 앞이 아닌 중간/뒤에 위치 (접두어 불일치)
뚜레쥬르,청북뚜레쥬르,,경기도,평택시,contains_nonprefix,low,브랜드명이 상호명 맨 앞이 아닌 중간/뒤에 위치 (접두어 불일치)
뚜레쥬르,동원홈푸드뚜레쥬르부천순천향병원,,경기도,부천시 원미구,contains_nonprefix,low,브랜드명이 상호명 맨 앞이 아닌 중간/뒤에 위치 (접두어 불일치)
뚜레쥬르,고양하나로뚜레쥬르,,경기도,고양시 일산서구,contains_nonprefix,low,브랜드명이 상호명 맨 앞이 아닌 중간/뒤에 위치 (접두어 불일치)
뚜레쥬르,씨제이푸드빌뚜레쥬르분당서울대,병원점,경기도,성남시 분당구,contains_nonprefix,low,브랜드명이 상호명 맨 앞이 아닌 중간/뒤에 위치 (접두어 불일치)
뚜레쥬르,일산웨스턴점뚜레쥬르,,경기도,고양시 일산동구,contains_nonprefix,low,브랜드명이 상호명 맨 앞이 아닌 중간/뒤에 위치 (접두어 불일치)
라미,라미제과,,전남광주통합특별시,해남군,prefix_short_brand,medium_short_brand,브랜드명이 짧아(4자 미만) 접두어가 일치해도 동명의 무관한 개인 상호일 가능성 있음
라미,라미과자점,,전남광주통합특별시,화순군,prefix_short_brand,medium_short_brand,브랜드명이 짧아(4자 미만) 접두어가 일치해도 동명의 무관한 개인 상호일 가능성 있음
라미,라미앤제이,,세종특별자치시,세종특별자치시,prefix_short_brand,medium_short_brand,브랜드명이 짧아(4자 미만) 접두어가 일치해도 동명의 무관한 개인 상호일 가능성 있음
라미,라미듀빵,,서울특별시,강동구,prefix_short_brand,medium_short_brand,브랜드명이 짧아(4자 미만) 접두어가 일치해도 동명의 무관한 개인 상호일 가능성 있음
라미,라미에뜨,,서울특별시,강남구,prefix_short_brand,medium_short_brand,브랜드명이 짧아(4자 미만) 접두어가 일치해도 동명의 무관한 개인 상호일 가능성 있음
라미,라미네,,서울특별시,강서구,prefix_short_brand,medium_short_brand,브랜드명이 짧아(4자 미만) 접두어가 일치해도 동명의 무관한 개인 상호일 가능성 있음
라미,라미케이크,,경상남도,창원시 의창구,prefix_short_brand,medium_short_brand,브랜드명이 짧아(4자 미만) 접두어가 일치해도 동명의 무관한 개인 상호일 가능성 있음
라미,라미스앤,,경기도,용인시 수지구,prefix_short_brand,medium_short_brand,브랜드명이 짧아(4자 미만) 접두어가 일치해도 동명의 무관한 개인 상호일 가능성 있음
롤링핀,롤링핀거제,시청점,경상남도,거제시,prefix_short_brand,medium_short_brand,브랜드명이 짧아(4자 미만) 접두어가 일치해도 동명의 무관한 개인 상호일 가능성 있음
롤링핀,롤링핀오산,,경기도,오산시,prefix_short_brand,medium_short_brand,브랜드명이 짧아(4자 미만) 접두어가 일치해도 동명의 무관한 개인 상호일 가능성 있음
롤링핀,롤링핀부천,중동점,경기도,부천시 원미구,prefix_short_brand,medium_short_brand,브랜드명이 짧아(4자 미만) 접두어가 일치해도 동명의 무관한 개인 상호일 가능성 있음
롤링핀,롤링핀수원아이파크시티점,,경기도,수원시 권선구,prefix_short_brand,medium_short_brand,브랜드명이 짧아(4자 미만) 접두어가 일치해도 동명의 무관한 개인 상호일 가능성 있음
롤링핀,롤링핀원주공군기지점,,강원특별자치도,원주시,prefix_short_brand,medium_short_brand,브랜드명이 짧아(4자 미만) 접두어가 일치해도 동명의 무관한 개인 상호일 가능성 있음
롤링핀,롤링핀안산,,경기도,안산시 단원구,prefix_short_brand,medium_short_brand,브랜드명이 짧아(4자 미만) 접두어가 일치해도 동명의 무관한 개인 상호일 가능성 있음
롤링핀,롤링핀광교,법조타운점,경기도,수원시 영통구,prefix_short_brand,medium_short_brand,브랜드명이 짧아(4자 미만) 접두어가 일치해도 동명의 무관한 개인 상호일 가능성 있음
롤링핀,롤링핀부천,중동점,경기도,부천시 원미구,prefix_short_brand,medium_short_brand,브랜드명이 짧아(4자 미만) 접두어가 일치해도 동명의 무관한 개인 상호일 가능성 있음
롤링핀,롤링핀다산점,,경기도,남양주시,prefix_short_brand,medium_short_brand,브랜드명이 짧아(4자 미만) 접두어가 일치해도 동명의 무관한 개인 상호일 가능성 있음
롤링핀,롤링핀구미,강동점,경상북도,구미시,prefix_short_brand,medium_short_brand,브랜드명이 짧아(4자 미만) 접두어가 일치해도 동명의 무관한 개인 상호일 가능성 있음
롤링핀,롤링핀별내카페,거리점,경기도,남양주시,prefix_short_brand,medium_short_brand,브랜드명이 짧아(4자 미만) 접두어가 일치해도 동명의 무관한 개인 상호일 가능성 있음
롤링핀,롤링핀경주점,,경상북도,경주시,prefix_short_brand,medium_short_brand,브랜드명이 짧아(4자 미만) 접두어가 일치해도 동명의 무관한 개인 상호일 가능성 있음
롤링핀,롤링핀진주,혁신도시점,경상남도,진주시,prefix_short_brand,medium_short_brand,브랜드명이 짧아(4자 미만) 접두어가 일치해도 동명의 무관한 개인 상호일 가능성 있음
롤링핀,롤링핀구미,강동점,경상북도,구미시,prefix_short_brand,medium_short_brand,브랜드명이 짧아(4자 미만) 접두어가 일치해도 동명의 무관한 개인 상호일 가능성 있음
롤링핀,롤링핀천안,신불당점,충청남도,천안시 서북구,prefix_short_brand,medium_short_brand,브랜드명이 짧아(4자 미만) 접두어가 일치해도 동명의 무관한 개인 상호일 가능성 있음
롤링핀,롤링핀광주,상무점,전남광주통합특별시,서구,prefix_short_brand,medium_short_brand,브랜드명이 짧아(4자 미만) 접두어가 일치해도 동명의 무관한 개인 상호일 가능성 있음
롤링핀,롤링핀송도,센트럴파크점,인천광역시,연수구,prefix_short_brand,medium_short_brand,브랜드명이 짧아(4자 미만) 접두어가 일치해도 동명의 무관한 개인 상호일 가능성 있음
롤링핀,롤링핀구미금,오산점,경상북도,구미시,prefix_short_brand,medium_short_brand,브랜드명이 짧아(4자 미만) 접두어가 일치해도 동명의 무관한 개인 상호일 가능성 있음
롤링핀,롤링핀우,장산점,서울특별시,강서구,prefix_short_brand,medium_short_brand,브랜드명이 짧아(4자 미만) 접두어가 일치해도 동명의 무관한 개인 상호일 가능성 있음
롤링핀,롤링핀고대구로,병원점,서울특별시,구로구,prefix_short_brand,medium_short_brand,브랜드명이 짧아(4자 미만) 접두어가 일치해도 동명의 무관한 개인 상호일 가능성 있음
롤링핀,롤링핀DDP점,,서울특별시,중구,prefix_short_brand,medium_short_brand,브랜드명이 짧아(4자 미만) 접두어가 일치해도 동명의 무관한 개인 상호일 가능성 있음
롤링핀,롤링핀수변공원점,,세종특별자치시,세종특별자치시,prefix_short_brand,medium_short_brand,브랜드명이 짧아(4자 미만) 접두어가 일치해도 동명의 무관한 개인 상호일 가능성 있음
롤링핀,롤링핀센트럴시티점,,서울특별시,서초구,prefix_short_brand,medium_short_brand,브랜드명이 짧아(4자 미만) 접두어가 일치해도 동명의 무관한 개인 상호일 가능성 있음
롤링핀,롤링핀명일,캐슬점,서울특별시,강동구,prefix_short_brand,medium_short_brand,브랜드명이 짧아(4자 미만) 접두어가 일치해도 동명의 무관한 개인 상호일 가능성 있음
롤링핀,롤링핀수성못점,,대구광역시,수성구,prefix_short_brand,medium_short_brand,브랜드명이 짧아(4자 미만) 접두어가 일치해도 동명의 무관한 개인 상호일 가능성 있음
롤링핀,롤링핀고속,터미널점,서울특별시,서초구,prefix_short_brand,medium_short_brand,브랜드명이 짧아(4자 미만) 접두어가 일치해도 동명의 무관한 개인 상호일 가능성 있음
롤링핀,롤링핀비슬산점,,대구광역시,달성군,prefix_short_brand,medium_short_brand,브랜드명이 짧아(4자 미만) 접두어가 일치해도 동명의 무관한 개인 상호일 가능성 있음
롤링핀,롤링핀죽전역점,,대구광역시,달서구,prefix_short_brand,medium_short_brand,브랜드명이 짧아(4자 미만) 접두어가 일치해도 동명의 무관한 개인 상호일 가능성 있음
롤링핀,롤링핀죽전역점,,대구광역시,달서구,prefix_short_brand,medium_short_brand,브랜드명이 짧아(4자 미만) 접두어가 일치해도 동명의 무관한 개인 상호일 가능성 있음
롤링핀,롤링핀대구,상인점,대구광역시,달서구,prefix_short_brand,medium_short_brand,브랜드명이 짧아(4자 미만) 접두어가 일치해도 동명의 무관한 개인 상호일 가능성 있음
명장시대,엔데오에프앤비명장시대,,경기도,광명시,contains_nonprefix,low,브랜드명이 상호명 맨 앞이 아닌 중간/뒤에 위치 (접두어 불일치)
못난이꽈배기,연산못난이꽈배기,,충청남도,논산시,contains_nonprefix,low,브랜드명이 상호명 맨 앞이 아닌 중간/뒤에 위치 (접두어 불일치)
못난이꽈배기,강서구지역자활센터못난이꽈배기부산,공항점,부산광역시,강서구,contains_nonprefix,low,브랜드명이 상호명 맨 앞이 아닌 중간/뒤에 위치 (접두어 불일치)
못난이꽈배기,북구희망터지역자활센터못난이꽈배기금곡점,,부산광역시,북구,contains_nonprefix,low,브랜드명이 상호명 맨 앞이 아닌 중간/뒤에 위치 (접두어 불일치)
밀키샵,밀키샵다산점,,경기도,남양주시,prefix_short_brand,medium_short_brand,브랜드명이 짧아(4자 미만) 접두어가 일치해도 동명의 무관한 개인 상호일 가능성 있음
밀키샵,밀키샵세브란스,병원점,서울특별시,서대문구,prefix_short_brand,medium_short_brand,브랜드명이 짧아(4자 미만) 접두어가 일치해도 동명의 무관한 개인 상호일 가능성 있음
베르벨,베르벨전주,1호점,전북특별자치도,전주시 덕진구,prefix_short_brand,medium_short_brand,브랜드명이 짧아(4자 미만) 접두어가 일치해도 동명의 무관한 개인 상호일 가능성 있음
베르벨,베르벨안양,호계점,경기도,안양시 동안구,prefix_short_brand,medium_short_brand,브랜드명이 짧아(4자 미만) 접두어가 일치해도 동명의 무관한 개인 상호일 가능성 있음
베르벨,베르벨수원,영통점,경기도,화성시 병점구,prefix_short_brand,medium_short_brand,브랜드명이 짧아(4자 미만) 접두어가 일치해도 동명의 무관한 개인 상호일 가능성 있음
베르벨,베르벨익산,1호점,전북특별자치도,익산시,prefix_short_brand,medium_short_brand,브랜드명이 짧아(4자 미만) 접두어가 일치해도 동명의 무관한 개인 상호일 가능성 있음
보리원,보리원파크리오점,,서울특별시,송파구,prefix_short_brand,medium_short_brand,브랜드명이 짧아(4자 미만) 접두어가 일치해도 동명의 무관한 개인 상호일 가능성 있음
보리원,보리원잠실엘스점,,서울특별시,송파구,prefix_short_brand,medium_short_brand,브랜드명이 짧아(4자 미만) 접두어가 일치해도 동명의 무관한 개인 상호일 가능성 있음
복호두,복호두분당,정자점,경기도,성남시 분당구,prefix_short_brand,medium_short_brand,브랜드명이 짧아(4자 미만) 접두어가 일치해도 동명의 무관한 개인 상호일 가능성 있음
복호두,복호두오산,세교점,경기도,오산시,prefix_short_brand,medium_short_brand,브랜드명이 짧아(4자 미만) 접두어가 일치해도 동명의 무관한 개인 상호일 가능성 있음
복호두,복호두2지구점,화성봉담,경기도,화성시 효행구,prefix_short_brand,medium_short_brand,브랜드명이 짧아(4자 미만) 접두어가 일치해도 동명의 무관한 개인 상호일 가능성 있음
복호두,복호두일산동,구청점,경기도,고양시 일산동구,prefix_short_brand,medium_short_brand,브랜드명이 짧아(4자 미만) 접두어가 일치해도 동명의 무관한 개인 상호일 가능성 있음
복호두,복호두수원천천점,,경기도,수원시 장안구,prefix_short_brand,medium_short_brand,브랜드명이 짧아(4자 미만) 접두어가 일치해도 동명의 무관한 개인 상호일 가능성 있음
복호두,복호두동탄,목동점,경기도,화성시 동탄구,prefix_short_brand,medium_short_brand,브랜드명이 짧아(4자 미만) 접두어가 일치해도 동명의 무관한 개인 상호일 가능성 있음
복호두,복호두파주,교하점,경기도,파주시,prefix_short_brand,medium_short_brand,브랜드명이 짧아(4자 미만) 접두어가 일치해도 동명의 무관한 개인 상호일 가능성 있음
복호두,복호두분당,야탑점,경기도,성남시 분당구,prefix_short_brand,medium_short_brand,브랜드명이 짧아(4자 미만) 접두어가 일치해도 동명의 무관한 개인 상호일 가능성 있음
복호두,복호두안산,중앙점,경기도,안산시 단원구,prefix_short_brand,medium_short_brand,브랜드명이 짧아(4자 미만) 접두어가 일치해도 동명의 무관한 개인 상호일 가능성 있음
복호두,복호두거제수월점,,경상남도,거제시,prefix_short_brand,medium_short_brand,브랜드명이 짧아(4자 미만) 접두어가 일치해도 동명의 무관한 개인 상호일 가능성 있음
복호두,복호두부천,중동점,경기도,부천시 원미구,prefix_short_brand,medium_short_brand,브랜드명이 짧아(4자 미만) 접두어가 일치해도 동명의 무관한 개인 상호일 가능성 있음
복호두,복호두양산,범어점,경상남도,양산시,prefix_short_brand,medium_short_brand,브랜드명이 짧아(4자 미만) 접두어가 일치해도 동명의 무관한 개인 상호일 가능성 있음
복호두,복호두창원,시청점,경상남도,창원시 성산구,prefix_short_brand,medium_short_brand,브랜드명이 짧아(4자 미만) 접두어가 일치해도 동명의 무관한 개인 상호일 가능성 있음
복호두,복호두상주점,,경상북도,상주시,prefix_short_brand,medium_short_brand,브랜드명이 짧아(4자 미만) 접두어가 일치해도 동명의 무관한 개인 상호일 가능성 있음
복호두,복호두구미,봉곡점,경상북도,구미시,prefix_short_brand,medium_short_brand,브랜드명이 짧아(4자 미만) 접두어가 일치해도 동명의 무관한 개인 상호일 가능성 있음
복호두,복호두구미,옥계점,경상북도,구미시,prefix_short_brand,medium_short_brand,브랜드명이 짧아(4자 미만) 접두어가 일치해도 동명의 무관한 개인 상호일 가능성 있음
복호두,복호두포항,이동점,경상북도,포항시 남구,prefix_short_brand,medium_short_brand,브랜드명이 짧아(4자 미만) 접두어가 일치해도 동명의 무관한 개인 상호일 가능성 있음
복호두,복호두경주용황점,,경상북도,경주시,prefix_short_brand,medium_short_brand,브랜드명이 짧아(4자 미만) 접두어가 일치해도 동명의 무관한 개인 상호일 가능성 있음
복호두,복호두포항문덕점,,경상북도,포항시 남구,prefix_short_brand,medium_short_brand,브랜드명이 짧아(4자 미만) 접두어가 일치해도 동명의 무관한 개인 상호일 가능성 있음
복호두,복호두대구,감삼점,대구광역시,달서구,prefix_short_brand,medium_short_brand,브랜드명이 짧아(4자 미만) 접두어가 일치해도 동명의 무관한 개인 상호일 가능성 있음
복호두,복호두창원,중동점,경상남도,창원시 의창구,prefix_short_brand,medium_short_brand,브랜드명이 짧아(4자 미만) 접두어가 일치해도 동명의 무관한 개인 상호일 가능성 있음
복호두,복호두일산킨텍스,,경기도,고양시 일산서구,prefix_short_brand,medium_short_brand,브랜드명이 짧아(4자 미만) 접두어가 일치해도 동명의 무관한 개인 상호일 가능성 있음
복호두,복호두시흥,은계점,경기도,시흥시,prefix_short_brand,medium_short_brand,브랜드명이 짧아(4자 미만) 접두어가 일치해도 동명의 무관한 개인 상호일 가능성 있음
복호두,복호두상록수역점,,경기도,안산시 상록구,prefix_short_brand,medium_short_brand,브랜드명이 짧아(4자 미만) 접두어가 일치해도 동명의 무관한 개인 상호일 가능성 있음
복호두,복호두중앙,시장점,강원특별자치도,속초시,prefix_short_brand,medium_short_brand,브랜드명이 짧아(4자 미만) 접두어가 일치해도 동명의 무관한 개인 상호일 가능성 있음
복호두,복호두원주,무실점,강원특별자치도,원주시,prefix_short_brand,medium_short_brand,브랜드명이 짧아(4자 미만) 접두어가 일치해도 동명의 무관한 개인 상호일 가능성 있음
복호두,복호두동해,이도점,강원특별자치도,동해시,prefix_short_brand,medium_short_brand,브랜드명이 짧아(4자 미만) 접두어가 일치해도 동명의 무관한 개인 상호일 가능성 있음
복호두,복호두김포,장기점,경기도,김포시,prefix_short_brand,medium_short_brand,브랜드명이 짧아(4자 미만) 접두어가 일치해도 동명의 무관한 개인 상호일 가능성 있음
복호두,복호두다산점,,경기도,남양주시,prefix_short_brand,medium_short_brand,브랜드명이 짧아(4자 미만) 접두어가 일치해도 동명의 무관한 개인 상호일 가능성 있음
복호두,복호두부천,옥길점,경기도,부천시 소사구,prefix_short_brand,medium_short_brand,브랜드명이 짧아(4자 미만) 접두어가 일치해도 동명의 무관한 개인 상호일 가능성 있음
복호두,복호두목감,,경기도,시흥시,prefix_short_brand,medium_short_brand,브랜드명이 짧아(4자 미만) 접두어가 일치해도 동명의 무관한 개인 상호일 가능성 있음
복호두,복호두안양,평촌점,경기도,안양시 동안구,prefix_short_brand,medium_short_brand,브랜드명이 짧아(4자 미만) 접두어가 일치해도 동명의 무관한 개인 상호일 가능성 있음
복호두,복호두양주,옥정점,경기도,양주시,prefix_short_brand,medium_short_brand,브랜드명이 짧아(4자 미만) 접두어가 일치해도 동명의 무관한 개인 상호일 가능성 있음
복호두,복호두김포,풍무점,경기도,김포시,prefix_short_brand,medium_short_brand,브랜드명이 짧아(4자 미만) 접두어가 일치해도 동명의 무관한 개인 상호일 가능성 있음
복호두,복호두김포,풍무점,경기도,김포시,prefix_short_brand,medium_short_brand,브랜드명이 짧아(4자 미만) 접두어가 일치해도 동명의 무관한 개인 상호일 가능성 있음
복호두,복호두파주,금촌점,경기도,파주시,prefix_short_brand,medium_short_brand,브랜드명이 짧아(4자 미만) 접두어가 일치해도 동명의 무관한 개인 상호일 가능성 있음
복호두,복호두수지구청역점,,경기도,용인시 수지구,prefix_short_brand,medium_short_brand,브랜드명이 짧아(4자 미만) 접두어가 일치해도 동명의 무관한 개인 상호일 가능성 있음
복호두,복호두분당,서현점,경기도,성남시 분당구,prefix_short_brand,medium_short_brand,브랜드명이 짧아(4자 미만) 접두어가 일치해도 동명의 무관한 개인 상호일 가능성 있음
복호두,복호두안양,비산점,경기도,안양시 동안구,prefix_short_brand,medium_short_brand,브랜드명이 짧아(4자 미만) 접두어가 일치해도 동명의 무관한 개인 상호일 가능성 있음
복호두,복호두용인,동백점,경기도,용인시 기흥구,prefix_short_brand,medium_short_brand,브랜드명이 짧아(4자 미만) 접두어가 일치해도 동명의 무관한 개인 상호일 가능성 있음
복호두,복호두동탄,능동점,경기도,화성시 동탄구,prefix_short_brand,medium_short_brand,브랜드명이 짧아(4자 미만) 접두어가 일치해도 동명의 무관한 개인 상호일 가능성 있음
복호두,복호두수원,시청역점,경기도,수원시 팔달구,prefix_short_brand,medium_short_brand,브랜드명이 짧아(4자 미만) 접두어가 일치해도 동명의 무관한 개인 상호일 가능성 있음
복호두,복호두비전점,,경기도,평택시,prefix_short_brand,medium_short_brand,브랜드명이 짧아(4자 미만) 접두어가 일치해도 동명의 무관한 개인 상호일 가능성 있음
복호두,복호두지산범물점,,대구광역시,수성구,prefix_short_brand,medium_short_brand,브랜드명이 짧아(4자 미만) 접두어가 일치해도 동명의 무관한 개인 상호일 가능성 있음
복호두,복호두대구청라언덕점,,대구광역시,중구,prefix_short_brand,medium_short_brand,브랜드명이 짧아(4자 미만) 접두어가 일치해도 동명의 무관한 개인 상호일 가능성 있음
복호두,복호두역북점,,경기도,용인시 처인구,prefix_short_brand,medium_short_brand,브랜드명이 짧아(4자 미만) 접두어가 일치해도 동명의 무관한 개인 상호일 가능성 있음
복호두,복호두부산,명지점,부산광역시,강서구,prefix_short_brand,medium_short_brand,브랜드명이 짧아(4자 미만) 접두어가 일치해도 동명의 무관한 개인 상호일 가능성 있음
복호두,복호두울산,구영점,울산광역시,울주군,prefix_short_brand,medium_short_brand,브랜드명이 짧아(4자 미만) 접두어가 일치해도 동명의 무관한 개인 상호일 가능성 있음
복호두,복호두우정,혁신점,울산광역시,중구,prefix_short_brand,medium_short_brand,브랜드명이 짧아(4자 미만) 접두어가 일치해도 동명의 무관한 개인 상호일 가능성 있음
복호두,복호두용현SK점,,인천광역시,미추홀구,prefix_short_brand,medium_short_brand,브랜드명이 짧아(4자 미만) 접두어가 일치해도 동명의 무관한 개인 상호일 가능성 있음
복호두,복호두영종,하늘도시점,인천광역시,영종구,prefix_short_brand,medium_short_brand,브랜드명이 짧아(4자 미만) 접두어가 일치해도 동명의 무관한 개인 상호일 가능성 있음
복호두,복호두굴포천역점,,인천광역시,부평구,prefix_short_brand,medium_short_brand,브랜드명이 짧아(4자 미만) 접두어가 일치해도 동명의 무관한 개인 상호일 가능성 있음
복호두,복호두부평청천점,,인천광역시,부평구,prefix_short_brand,medium_short_brand,브랜드명이 짧아(4자 미만) 접두어가 일치해도 동명의 무관한 개인 상호일 가능성 있음
복호두,복호두송도스마트스퀘어,,인천광역시,연수구,prefix_short_brand,medium_short_brand,브랜드명이 짧아(4자 미만) 접두어가 일치해도 동명의 무관한 개인 상호일 가능성 있음
복호두,복호두연수,동춘점,인천광역시,연수구,prefix_short_brand,medium_short_brand,브랜드명이 짧아(4자 미만) 접두어가 일치해도 동명의 무관한 개인 상호일 가능성 있음
복호두,복호두대전복드림,본점,대전광역시,유성구,prefix_short_brand,medium_short_brand,브랜드명이 짧아(4자 미만) 접두어가 일치해도 동명의 무관한 개인 상호일 가능성 있음
복호두,복호두광주,상무점,전남광주통합특별시,서구,prefix_short_brand,medium_short_brand,브랜드명이 짧아(4자 미만) 접두어가 일치해도 동명의 무관한 개인 상호일 가능성 있음
복호두,복호두청주동남지구점,,충청북도,청주시 상당구,prefix_short_brand,medium_short_brand,브랜드명이 짧아(4자 미만) 접두어가 일치해도 동명의 무관한 개인 상호일 가능성 있음
복호두,복호두여수웅천점,,전남광주통합특별시,여수시,prefix_short_brand,medium_short_brand,브랜드명이 짧아(4자 미만) 접두어가 일치해도 동명의 무관한 개인 상호일 가능성 있음
복호두,복호두전주,혁신도시점,전북특별자치도,완주군,prefix_short_brand,medium_short_brand,브랜드명이 짧아(4자 미만) 접두어가 일치해도 동명의 무관한 개인 상호일 가능성 있음
복호두,복호두전주,에코시티점,전북특별자치도,전주시 덕진구,prefix_short_brand,medium_short_brand,브랜드명이 짧아(4자 미만) 접두어가 일치해도 동명의 무관한 개인 상호일 가능성 있음
복호두,복호두익산,영등점,전북특별자치도,익산시,prefix_short_brand,medium_short_brand,브랜드명이 짧아(4자 미만) 접두어가 일치해도 동명의 무관한 개인 상호일 가능성 있음
복호두,복호두홍성,내포점,충청남도,홍성군,prefix_short_brand,medium_short_brand,브랜드명이 짧아(4자 미만) 접두어가 일치해도 동명의 무관한 개인 상호일 가능성 있음
복호두,복호두아산탕정,신도시점,충청남도,아산시,prefix_short_brand,medium_short_brand,브랜드명이 짧아(4자 미만) 접두어가 일치해도 동명의 무관한 개인 상호일 가능성 있음
복호두,복호두아산,풍기점,충청남도,아산시,prefix_short_brand,medium_short_brand,브랜드명이 짧아(4자 미만) 접두어가 일치해도 동명의 무관한 개인 상호일 가능성 있음
복호두,복호두청주,율량점,충청북도,청주시 청원구,prefix_short_brand,medium_short_brand,브랜드명이 짧아(4자 미만) 접두어가 일치해도 동명의 무관한 개인 상호일 가능성 있음
복호두,복호두세종아름점,,세종특별자치시,세종특별자치시,prefix_short_brand,medium_short_brand,브랜드명이 짧아(4자 미만) 접두어가 일치해도 동명의 무관한 개인 상호일 가능성 있음
복호두,복호두동작,구청점,서울특별시,동작구,prefix_short_brand,medium_short_brand,브랜드명이 짧아(4자 미만) 접두어가 일치해도 동명의 무관한 개인 상호일 가능성 있음
복호두,복호두을지로,3가점,서울특별시,중구,prefix_short_brand,medium_short_brand,브랜드명이 짧아(4자 미만) 접두어가 일치해도 동명의 무관한 개인 상호일 가능성 있음
복호두,복호두1호점,해운대,부산광역시,해운대구,prefix_short_brand,medium_short_brand,브랜드명이 짧아(4자 미만) 접두어가 일치해도 동명의 무관한 개인 상호일 가능성 있음
복호두,복호두용호빌리브점,,부산광역시,남구,prefix_short_brand,medium_short_brand,브랜드명이 짧아(4자 미만) 접두어가 일치해도 동명의 무관한 개인 상호일 가능성 있음
복호두,복호두송파,위례점,서울특별시,송파구,prefix_short_brand,medium_short_brand,브랜드명이 짧아(4자 미만) 접두어가 일치해도 동명의 무관한 개인 상호일 가능성 있음
복호두,복호두은평,역촌점,서울특별시,은평구,prefix_short_brand,medium_short_brand,브랜드명이 짧아(4자 미만) 접두어가 일치해도 동명의 무관한 개인 상호일 가능성 있음
복호두,복호두잠실,석촌고분역점,서울특별시,송파구,prefix_short_brand,medium_short_brand,브랜드명이 짧아(4자 미만) 접두어가 일치해도 동명의 무관한 개인 상호일 가능성 있음
복호두,복호두마곡역점,,서울특별시,강서구,prefix_short_brand,medium_short_brand,브랜드명이 짧아(4자 미만) 접두어가 일치해도 동명의 무관한 개인 상호일 가능성 있음
복호두,복호두강동상일점,,서울특별시,강동구,prefix_short_brand,medium_short_brand,브랜드명이 짧아(4자 미만) 접두어가 일치해도 동명의 무관한 개인 상호일 가능성 있음
복호두,복호두노원하계점,,서울특별시,노원구,prefix_short_brand,medium_short_brand,브랜드명이 짧아(4자 미만) 접두어가 일치해도 동명의 무관한 개인 상호일 가능성 있음
복호두,복호두충주점,,충청북도,충주시,prefix_short_brand,medium_short_brand,브랜드명이 짧아(4자 미만) 접두어가 일치해도 동명의 무관한 개인 상호일 가능성 있음
복호두,복호두잠실스타파크점,,서울특별시,송파구,prefix_short_brand,medium_short_brand,브랜드명이 짧아(4자 미만) 접두어가 일치해도 동명의 무관한 개인 상호일 가능성 있음
복호두,복호두강동,구청점,서울특별시,강동구,prefix_short_brand,medium_short_brand,브랜드명이 짧아(4자 미만) 접두어가 일치해도 동명의 무관한 개인 상호일 가능성 있음
복호두,복호두강남,논현점,서울특별시,강남구,prefix_short_brand,medium_short_brand,브랜드명이 짧아(4자 미만) 접두어가 일치해도 동명의 무관한 개인 상호일 가능성 있음
복호두,복호두목동파리공원점,,서울특별시,양천구,prefix_short_brand,medium_short_brand,브랜드명이 짧아(4자 미만) 접두어가 일치해도 동명의 무관한 개인 상호일 가능성 있음
복호두,복호두삼각산점,,서울특별시,강북구,prefix_short_brand,medium_short_brand,브랜드명이 짧아(4자 미만) 접두어가 일치해도 동명의 무관한 개인 상호일 가능성 있음
복호두,복호두신용산역점,,서울특별시,용산구,prefix_short_brand,medium_short_brand,브랜드명이 짧아(4자 미만) 접두어가 일치해도 동명의 무관한 개인 상호일 가능성 있음
복호두,복호두경복궁역점,,서울특별시,종로구,prefix_short_brand,medium_short_brand,브랜드명이 짧아(4자 미만) 접두어가 일치해도 동명의 무관한 개인 상호일 가능성 있음
복호두,복호두서대문역점,,서울특별시,서대문구,prefix_short_brand,medium_short_brand,브랜드명이 짧아(4자 미만) 접두어가 일치해도 동명의 무관한 개인 상호일 가능성 있음
복호두,복호두DMC점,,서울특별시,서대문구,prefix_short_brand,medium_short_brand,브랜드명이 짧아(4자 미만) 접두어가 일치해도 동명의 무관한 개인 상호일 가능성 있음
복호두,복호두영등포,시장점,서울특별시,영등포구,prefix_short_brand,medium_short_brand,브랜드명이 짧아(4자 미만) 접두어가 일치해도 동명의 무관한 개인 상호일 가능성 있음
복호두,복호두청주,터미널점,충청북도,청주시 흥덕구,prefix_short_brand,medium_short_brand,브랜드명이 짧아(4자 미만) 접두어가 일치해도 동명의 무관한 개인 상호일 가능성 있음
북문당,북문당진주,평거점,경상남도,진주시,prefix_short_brand,medium_short_brand,브랜드명이 짧아(4자 미만) 접두어가 일치해도 동명의 무관한 개인 상호일 가능성 있음
브레댄코(bread&co.DAILY-NEW),대명브레댄코고속터미널역점,,서울특별시,서초구,contains_nonprefix,low,브랜드명이 상호명 맨 앞이 아닌 중간/뒤에 위치 (접두어 불일치)
빵굼터,빵굼터마을,,제주특별자치도,제주시,prefix_short_brand,medium_short_brand,브랜드명이 짧아(4자 미만) 접두어가 일치해도 동명의 무관한 개인 상호일 가능성 있음
빵굼터,빵굼터제과점,,인천광역시,부평구,prefix_short_brand,medium_short_brand,브랜드명이 짧아(4자 미만) 접두어가 일치해도 동명의 무관한 개인 상호일 가능성 있음
빵굼터,빵굼터영등포구청역점,,서울특별시,영등포구,prefix_short_brand,medium_short_brand,브랜드명이 짧아(4자 미만) 접두어가 일치해도 동명의 무관한 개인 상호일 가능성 있음
빵굼터,빵굼터착한빵집,,서울특별시,금천구,prefix_short_brand,medium_short_brand,브랜드명이 짧아(4자 미만) 접두어가 일치해도 동명의 무관한 개인 상호일 가능성 있음
빵굼터,빵굼터착한빵집,,서울특별시,관악구,prefix_short_brand,medium_short_brand,브랜드명이 짧아(4자 미만) 접두어가 일치해도 동명의 무관한 개인 상호일 가능성 있음
빵굼터,빵굼터명일동점,,서울특별시,강동구,prefix_short_brand,medium_short_brand,브랜드명이 짧아(4자 미만) 접두어가 일치해도 동명의 무관한 개인 상호일 가능성 있음
빵굼터,빵굼터착한빵집,,서울특별시,중랑구,prefix_short_brand,medium_short_brand,브랜드명이 짧아(4자 미만) 접두어가 일치해도 동명의 무관한 개인 상호일 가능성 있음
빵굼터,빵굼터착한빵집,,서울특별시,성동구,prefix_short_brand,medium_short_brand,브랜드명이 짧아(4자 미만) 접두어가 일치해도 동명의 무관한 개인 상호일 가능성 있음
빵굼터,빵굼터하우스,,경기도,시흥시,prefix_short_brand,medium_short_brand,브랜드명이 짧아(4자 미만) 접두어가 일치해도 동명의 무관한 개인 상호일 가능성 있음
빵굼터,빵굼터착한빵집,,서울특별시,성북구,prefix_short_brand,medium_short_brand,브랜드명이 짧아(4자 미만) 접두어가 일치해도 동명의 무관한 개인 상호일 가능성 있음
빵쌤(BBANGSSAEM),빵쌤김포걸포점,,경기도,김포시,prefix_short_brand,medium_short_brand,브랜드명이 짧아(4자 미만) 접두어가 일치해도 동명의 무관한 개인 상호일 가능성 있음
빵쌤(BBANGSSAEM),빵쌤충무로역점,,서울특별시,중구,prefix_short_brand,medium_short_brand,브랜드명이 짧아(4자 미만) 접두어가 일치해도 동명의 무관한 개인 상호일 가능성 있음
빵쌤(BBANGSSAEM),빵쌤남양주,오남점,경기도,남양주시,prefix_short_brand,medium_short_brand,브랜드명이 짧아(4자 미만) 접두어가 일치해도 동명의 무관한 개인 상호일 가능성 있음
빵쌤(BBANGSSAEM),빵쌤동탄,본점,경기도,화성시 동탄구,prefix_short_brand,medium_short_brand,브랜드명이 짧아(4자 미만) 접두어가 일치해도 동명의 무관한 개인 상호일 가능성 있음
빵장수단팥빵,소담by빵장수단팥빵카페,,대구광역시,북구,contains_nonprefix,low,브랜드명이 상호명 맨 앞이 아닌 중간/뒤에 위치 (접두어 불일치)
삼송빵집,에스엠에이치삼송빵집잠실,광장점,서울특별시,송파구,contains_nonprefix,low,브랜드명이 상호명 맨 앞이 아닌 중간/뒤에 위치 (접두어 불일치)
소림사,소림사동남지구점,,충청북도,청주시 상당구,prefix_short_brand,medium_short_brand,브랜드명이 짧아(4자 미만) 접두어가 일치해도 동명의 무관한 개인 상호일 가능성 있음
소림사,소림사양산,석산점,경상남도,양산시,prefix_short_brand,medium_short_brand,브랜드명이 짧아(4자 미만) 접두어가 일치해도 동명의 무관한 개인 상호일 가능성 있음
소림사,소림사잠실엘스점,,서울특별시,송파구,prefix_short_brand,medium_short_brand,브랜드명이 짧아(4자 미만) 접두어가 일치해도 동명의 무관한 개인 상호일 가능성 있음
소림사,소림사팔거역점,,대구광역시,북구,prefix_short_brand,medium_short_brand,브랜드명이 짧아(4자 미만) 접두어가 일치해도 동명의 무관한 개인 상호일 가능성 있음
소림사,소림사안양아이에스비즈,타워점,경기도,안양시 만안구,prefix_short_brand,medium_short_brand,브랜드명이 짧아(4자 미만) 접두어가 일치해도 동명의 무관한 개인 상호일 가능성 있음
소림사,소림사다산점,,경기도,남양주시,prefix_short_brand,medium_short_brand,브랜드명이 짧아(4자 미만) 접두어가 일치해도 동명의 무관한 개인 상호일 가능성 있음
소림사,소림사삼성타운점,,서울특별시,서초구,prefix_short_brand,medium_short_brand,브랜드명이 짧아(4자 미만) 접두어가 일치해도 동명의 무관한 개인 상호일 가능성 있음
소림사,소림사수내역점,,경기도,성남시 분당구,prefix_short_brand,medium_short_brand,브랜드명이 짧아(4자 미만) 접두어가 일치해도 동명의 무관한 개인 상호일 가능성 있음
소미미,소미미단팥빵양주휴게소점,,경기도,양주시,prefix_short_brand,medium_short_brand,브랜드명이 짧아(4자 미만) 접두어가 일치해도 동명의 무관한 개인 상호일 가능성 있음
순수당,순수당구미산동점,,경상북도,구미시,prefix_short_brand,medium_short_brand,브랜드명이 짧아(4자 미만) 접두어가 일치해도 동명의 무관한 개인 상호일 가능성 있음
순수당,순수당창원성주점,,경상남도,창원시 성산구,prefix_short_brand,medium_short_brand,브랜드명이 짧아(4자 미만) 접두어가 일치해도 동명의 무관한 개인 상호일 가능성 있음
스토리오브라망,올포시즌스토리오브라망,위례점,경기도,하남시,contains_nonprefix,low,브랜드명이 상호명 맨 앞이 아닌 중간/뒤에 위치 (접두어 불일치)
스토리오브라망,라우라스토리오브라망,,전남광주통합특별시,목포시,contains_nonprefix,low,브랜드명이 상호명 맨 앞이 아닌 중간/뒤에 위치 (접두어 불일치)
스토리오브라망,다올스토리오브라망익산역,,전북특별자치도,익산시,contains_nonprefix,low,브랜드명이 상호명 맨 앞이 아닌 중간/뒤에 위치 (접두어 불일치)
스트릿츄러스,솔라벨스트릿츄러스경산NC점,,경상북도,경산시,contains_nonprefix,low,브랜드명이 상호명 맨 앞이 아닌 중간/뒤에 위치 (접두어 불일치)
스트릿츄러스,솔라벨스트릿츄러스,김포공항점,서울특별시,강서구,contains_nonprefix,low,브랜드명이 상호명 맨 앞이 아닌 중간/뒤에 위치 (접두어 불일치)
스트릿츄러스,솔라벨스트릿츄러스홍천비발디파크,,강원특별자치도,홍천군,contains_nonprefix,low,브랜드명이 상호명 맨 앞이 아닌 중간/뒤에 위치 (접두어 불일치)
스트릿츄러스,솔라벨스트릿츄러스알펜시아점,,강원특별자치도,평창군,contains_nonprefix,low,브랜드명이 상호명 맨 앞이 아닌 중간/뒤에 위치 (접두어 불일치)
스트릿츄러스,솔라벨스트릿츄러스평창휘닉스파크점블루캐니언실내점,,강원특별자치도,평창군,contains_nonprefix,low,브랜드명이 상호명 맨 앞이 아닌 중간/뒤에 위치 (접두어 불일치)
스트릿츄러스,솔라벨스트릿츄러스오크밸리점,,강원특별자치도,원주시,contains_nonprefix,low,브랜드명이 상호명 맨 앞이 아닌 중간/뒤에 위치 (접두어 불일치)
스트릿츄러스,솔라벨스트릿츄러스부천NC,,경기도,부천시 원미구,contains_nonprefix,low,브랜드명이 상호명 맨 앞이 아닌 중간/뒤에 위치 (접두어 불일치)
스트릿츄러스,솔라벨스트릿츄러스평택AK플라자점,,경기도,평택시,contains_nonprefix,low,브랜드명이 상호명 맨 앞이 아닌 중간/뒤에 위치 (접두어 불일치)
스트릿츄러스,솔라벨스트릿츄러스수원,롯데몰,경기도,수원시 권선구,contains_nonprefix,low,브랜드명이 상호명 맨 앞이 아닌 중간/뒤에 위치 (접두어 불일치)
스트릿츄러스,솔라벨스트릿츄러스수원KT위즈파크점,,경기도,수원시 장안구,contains_nonprefix,low,브랜드명이 상호명 맨 앞이 아닌 중간/뒤에 위치 (접두어 불일치)
스트릿츄러스,솔라벨스트릿츄러스타임스퀘어,,서울특별시,영등포구,contains_nonprefix,low,브랜드명이 상호명 맨 앞이 아닌 중간/뒤에 위치 (접두어 불일치)
스트릿츄러스,솔라벨스트릿츄러스센트럴시티,,서울특별시,서초구,contains_nonprefix,low,브랜드명이 상호명 맨 앞이 아닌 중간/뒤에 위치 (접두어 불일치)
스트릿츄러스,솔라벨스트릿츄러스,광운대점,서울특별시,노원구,contains_nonprefix,low,브랜드명이 상호명 맨 앞이 아닌 중간/뒤에 위치 (접두어 불일치)
스트릿츄러스,솔라벨스트릿츄러스김포공항,롯데몰,서울특별시,강서구,contains_nonprefix,low,브랜드명이 상호명 맨 앞이 아닌 중간/뒤에 위치 (접두어 불일치)
스트릿츄러스,솔라벨스트릿츄러스동부산,롯데몰,부산광역시,기장군,contains_nonprefix,low,브랜드명이 상호명 맨 앞이 아닌 중간/뒤에 위치 (접두어 불일치)
스트릿츄러스,솔라벨스트릿츄러스대전세이,백화점,대전광역시,중구,contains_nonprefix,low,브랜드명이 상호명 맨 앞이 아닌 중간/뒤에 위치 (접두어 불일치)
스트릿츄러스,솔라벨스트릿츄러스웅진플레이도시점,,경기도,부천시 원미구,contains_nonprefix,low,브랜드명이 상호명 맨 앞이 아닌 중간/뒤에 위치 (접두어 불일치)
스트릿츄러스,솔라벨스트릿츄러스수원판타지움점,,경기도,수원시 영통구,contains_nonprefix,low,브랜드명이 상호명 맨 앞이 아닌 중간/뒤에 위치 (접두어 불일치)
스트릿츄러스,솔라벨스트릿츄러스행담도휴게소점,,충청남도,당진시,contains_nonprefix,low,브랜드명이 상호명 맨 앞이 아닌 중간/뒤에 위치 (접두어 불일치)
스트릿츄러스,솔라벨스트릿츄러스인천SSG랜더스필드점,,인천광역시,미추홀구,contains_nonprefix,low,브랜드명이 상호명 맨 앞이 아닌 중간/뒤에 위치 (접두어 불일치)
신라명과,우리은행소비조합신라명과,,서울특별시,중구,contains_nonprefix,low,브랜드명이 상호명 맨 앞이 아닌 중간/뒤에 위치 (접두어 불일치)
심봉사도로케,심봉사도로케흥부가기가막혀,,전남광주통합특별시,보성군,prefix,medium,"상호명이 슬로건/문구 또는 지명이 아닌 단어를 포함, 실존 여부 미확정"
심봉사도로케,심봉사도로케카페베트남,,전북특별자치도,군산시,prefix,medium,"상호명이 슬로건/문구 또는 지명이 아닌 단어를 포함, 실존 여부 미확정"
옹기종기 땅콩빵,경주옹기종기땅콩빵,,경상북도,경주시,contains_nonprefix,low,브랜드명이 상호명 맨 앞이 아닌 중간/뒤에 위치 (접두어 불일치)
와플샵,와플샵경복궁점,,서울특별시,종로구,prefix_short_brand,medium_short_brand,브랜드명이 짧아(4자 미만) 접두어가 일치해도 동명의 무관한 개인 상호일 가능성 있음
와플샵,와플샵왕십리역사점,,서울특별시,성동구,prefix_short_brand,medium_short_brand,브랜드명이 짧아(4자 미만) 접두어가 일치해도 동명의 무관한 개인 상호일 가능성 있음
우스블랑,하우스블랑,,경기도,부천시 원미구,contains_nonprefix,low,브랜드명이 상호명 맨 앞이 아닌 중간/뒤에 위치 (접두어 불일치)
작금 베이크샵,카페작금베이크샵,,전남광주통합특별시,여수시,contains_nonprefix,low,브랜드명이 상호명 맨 앞이 아닌 중간/뒤에 위치 (접두어 불일치)
천안옛날호두과자,원조천안옛날호두과자,,충청남도,예산군,contains_nonprefix,low,브랜드명이 상호명 맨 앞이 아닌 중간/뒤에 위치 (접두어 불일치)
치즈당,치즈당천안,불당점,충청남도,천안시 서북구,prefix_short_brand,medium_short_brand,브랜드명이 짧아(4자 미만) 접두어가 일치해도 동명의 무관한 개인 상호일 가능성 있음
치즈당,치즈당대왕카스테라광주,수완점,전남광주통합특별시,광산구,prefix_short_brand,medium_short_brand,브랜드명이 짧아(4자 미만) 접두어가 일치해도 동명의 무관한 개인 상호일 가능성 있음
치즈당,치즈당검단,신도시점,인천광역시,검단구,prefix_short_brand,medium_short_brand,브랜드명이 짧아(4자 미만) 접두어가 일치해도 동명의 무관한 개인 상호일 가능성 있음
치즈당,치즈당용인,상현점,경기도,용인시 수지구,prefix_short_brand,medium_short_brand,브랜드명이 짧아(4자 미만) 접두어가 일치해도 동명의 무관한 개인 상호일 가능성 있음
치즈당,치즈당평택비전점,,경기도,평택시,prefix_short_brand,medium_short_brand,브랜드명이 짧아(4자 미만) 접두어가 일치해도 동명의 무관한 개인 상호일 가능성 있음
치즈당,치즈당동탄카림,센텀점,경기도,화성시 동탄구,prefix_short_brand,medium_short_brand,브랜드명이 짧아(4자 미만) 접두어가 일치해도 동명의 무관한 개인 상호일 가능성 있음
치즈당,치즈당부천,중동점,경기도,부천시 원미구,prefix_short_brand,medium_short_brand,브랜드명이 짧아(4자 미만) 접두어가 일치해도 동명의 무관한 개인 상호일 가능성 있음
치즈당,치즈당전남해남점,,전남광주통합특별시,해남군,prefix_short_brand,medium_short_brand,브랜드명이 짧아(4자 미만) 접두어가 일치해도 동명의 무관한 개인 상호일 가능성 있음
치즈당,치즈당시흥,정왕점,경기도,시흥시,prefix_short_brand,medium_short_brand,브랜드명이 짧아(4자 미만) 접두어가 일치해도 동명의 무관한 개인 상호일 가능성 있음
컵넛(cupnut),컵넛부산대,정문점,부산광역시,금정구,prefix_short_brand,medium_short_brand,브랜드명이 짧아(4자 미만) 접두어가 일치해도 동명의 무관한 개인 상호일 가능성 있음
컵넛(cupnut),컵넛범일점,,부산광역시,동구,prefix_short_brand,medium_short_brand,브랜드명이 짧아(4자 미만) 접두어가 일치해도 동명의 무관한 개인 상호일 가능성 있음
컵넛(cupnut),컵넛거제레이카운티점,,부산광역시,연제구,prefix_short_brand,medium_short_brand,브랜드명이 짧아(4자 미만) 접두어가 일치해도 동명의 무관한 개인 상호일 가능성 있음
컵넛(cupnut),컵넛오송역파라곤센트럴시티,3차점,충청북도,청주시 흥덕구,prefix_short_brand,medium_short_brand,브랜드명이 짧아(4자 미만) 접두어가 일치해도 동명의 무관한 개인 상호일 가능성 있음
컵넛(cupnut),컵넛평택고덕,신도시점,경기도,평택시,prefix_short_brand,medium_short_brand,브랜드명이 짧아(4자 미만) 접두어가 일치해도 동명의 무관한 개인 상호일 가능성 있음
컵넛(cupnut),컵넛김해,봉황점,경상남도,김해시,prefix_short_brand,medium_short_brand,브랜드명이 짧아(4자 미만) 접두어가 일치해도 동명의 무관한 개인 상호일 가능성 있음
컵넛(cupnut),컵넛마산해양공원점,,경상남도,창원시 마산합포구,prefix_short_brand,medium_short_brand,브랜드명이 짧아(4자 미만) 접두어가 일치해도 동명의 무관한 개인 상호일 가능성 있음
크리스피크림,롯데지알에스크리스피크림화곡역,,서울특별시,강서구,contains_nonprefix,low,브랜드명이 상호명 맨 앞이 아닌 중간/뒤에 위치 (접두어 불일치)
크리스피크림,롯데지알에스크리스피크림수지,롯데몰,경기도,용인시 수지구,contains_nonprefix,low,브랜드명이 상호명 맨 앞이 아닌 중간/뒤에 위치 (접두어 불일치)
크리스피크림,롯데지알에스크리스피크림대구,범어점,대구광역시,수성구,contains_nonprefix,low,브랜드명이 상호명 맨 앞이 아닌 중간/뒤에 위치 (접두어 불일치)
크리스피크림,롯데지알에스크리스피크림남부,터미널점,서울특별시,서초구,contains_nonprefix,low,브랜드명이 상호명 맨 앞이 아닌 중간/뒤에 위치 (접두어 불일치)
크리스피크림,롯데리아크리스피크림,코엑스몰점,서울특별시,강남구,contains_nonprefix,low,브랜드명이 상호명 맨 앞이 아닌 중간/뒤에 위치 (접두어 불일치)
트윗젤(Twitzel),트윗젤목동,,서울특별시,양천구,prefix_short_brand,medium_short_brand,브랜드명이 짧아(4자 미만) 접두어가 일치해도 동명의 무관한 개인 상호일 가능성 있음
트윗젤(Twitzel),트윗젤평택역사점,,경기도,평택시,prefix_short_brand,medium_short_brand,브랜드명이 짧아(4자 미만) 접두어가 일치해도 동명의 무관한 개인 상호일 가능성 있음
트윗젤(Twitzel),트윗젤웨이브파크점,,경기도,용인시 처인구,prefix_short_brand,medium_short_brand,브랜드명이 짧아(4자 미만) 접두어가 일치해도 동명의 무관한 개인 상호일 가능성 있음
파리바게뜨,삼성자이파리바게뜨,,대전광역시,동구,contains_nonprefix,low,브랜드명이 상호명 맨 앞이 아닌 중간/뒤에 위치 (접두어 불일치)
파리바게뜨,배송비_파리바게뜨대구남산,,대구광역시,중구,contains_nonprefix,low,브랜드명이 상호명 맨 앞이 아닌 중간/뒤에 위치 (접두어 불일치)
파리바게뜨,대구복현파리바게뜨,,대구광역시,북구,contains_nonprefix,low,브랜드명이 상호명 맨 앞이 아닌 중간/뒤에 위치 (접두어 불일치)
파리바게뜨,배송비_파리바게뜨대구죽곡,,대구광역시,달성군,contains_nonprefix,low,브랜드명이 상호명 맨 앞이 아닌 중간/뒤에 위치 (접두어 불일치)
파리바게뜨,부산구서파리바게뜨-배송비,,부산광역시,금정구,contains_nonprefix,low,브랜드명이 상호명 맨 앞이 아닌 중간/뒤에 위치 (접두어 불일치)
파리바게뜨,구미도량파리바게뜨-배송비,,경상북도,구미시,contains_nonprefix,low,브랜드명이 상호명 맨 앞이 아닌 중간/뒤에 위치 (접두어 불일치)
파리바게뜨,신세계터미널파리바게뜨,,대구광역시,동구,contains_nonprefix,low,브랜드명이 상호명 맨 앞이 아닌 중간/뒤에 위치 (접두어 불일치)
파리바게뜨,코레일유통파리바게뜨부산역사점,,부산광역시,동구,contains_nonprefix,low,브랜드명이 상호명 맨 앞이 아닌 중간/뒤에 위치 (접두어 불일치)
파리바게뜨,더힐링용산해링턴스퀘어파리바게뜨점,,서울특별시,용산구,contains_nonprefix,low,브랜드명이 상호명 맨 앞이 아닌 중간/뒤에 위치 (접두어 불일치)
파리바게뜨,응암역파리바게뜨,,서울특별시,은평구,contains_nonprefix,low,브랜드명이 상호명 맨 앞이 아닌 중간/뒤에 위치 (접두어 불일치)
파리바게뜨,가야벽산점파리바게뜨,,부산광역시,부산진구,contains_nonprefix,low,브랜드명이 상호명 맨 앞이 아닌 중간/뒤에 위치 (접두어 불일치)
파리바게뜨,파리크라상파리바게뜨한양대학교,병원점,서울특별시,성동구,contains_nonprefix,low,브랜드명이 상호명 맨 앞이 아닌 중간/뒤에 위치 (접두어 불일치)
파리바게뜨,카페드디저트파리바게뜨서초역,,서울특별시,서초구,contains_nonprefix,low,브랜드명이 상호명 맨 앞이 아닌 중간/뒤에 위치 (접두어 불일치)
파리바게뜨,1945파리바게뜨,광화문,서울특별시,종로구,contains_nonprefix,low,브랜드명이 상호명 맨 앞이 아닌 중간/뒤에 위치 (접두어 불일치)
파리바게뜨,파리크라상파리바게뜨,김포공항점,서울특별시,강서구,contains_nonprefix,low,브랜드명이 상호명 맨 앞이 아닌 중간/뒤에 위치 (접두어 불일치)
파리바게뜨,이수태평파리바게뜨,,서울특별시,동작구,contains_nonprefix,low,브랜드명이 상호명 맨 앞이 아닌 중간/뒤에 위치 (접두어 불일치)
파리바게뜨,삼양시장파리바게뜨,,서울특별시,강북구,contains_nonprefix,low,브랜드명이 상호명 맨 앞이 아닌 중간/뒤에 위치 (접두어 불일치)
파리바게뜨,명동역남산파리바게뜨,,서울특별시,중구,contains_nonprefix,low,브랜드명이 상호명 맨 앞이 아닌 중간/뒤에 위치 (접두어 불일치)
파리바게뜨,서초파리바게뜨,,서울특별시,서초구,contains_nonprefix,low,브랜드명이 상호명 맨 앞이 아닌 중간/뒤에 위치 (접두어 불일치)
파리바게뜨,이수태평파리바게뜨,,서울특별시,동작구,contains_nonprefix,low,브랜드명이 상호명 맨 앞이 아닌 중간/뒤에 위치 (접두어 불일치)
파리바게뜨,삼양시장파리바게뜨,,서울특별시,강북구,contains_nonprefix,low,브랜드명이 상호명 맨 앞이 아닌 중간/뒤에 위치 (접두어 불일치)
파리바게뜨,가락중앙파리바게뜨,,서울특별시,송파구,contains_nonprefix,low,브랜드명이 상호명 맨 앞이 아닌 중간/뒤에 위치 (접두어 불일치)
파리바게뜨,부산대학파리바게뜨,병원점,부산광역시,서구,contains_nonprefix,low,브랜드명이 상호명 맨 앞이 아닌 중간/뒤에 위치 (접두어 불일치)
파리바게뜨,연지한신점파리바게뜨,,부산광역시,부산진구,contains_nonprefix,low,브랜드명이 상호명 맨 앞이 아닌 중간/뒤에 위치 (접두어 불일치)
파리바게뜨,파리크라상파리바게뜨카페,신사점,서울특별시,서초구,contains_nonprefix,low,브랜드명이 상호명 맨 앞이 아닌 중간/뒤에 위치 (접두어 불일치)
파리바게뜨,파리크라상파리바게뜨카페수유역,,서울특별시,강북구,contains_nonprefix,low,브랜드명이 상호명 맨 앞이 아닌 중간/뒤에 위치 (접두어 불일치)
파리바게뜨,청주산남파리바게뜨,,충청북도,청주시 서원구,contains_nonprefix,low,브랜드명이 상호명 맨 앞이 아닌 중간/뒤에 위치 (접두어 불일치)
파리바게뜨,증평송산파리바게뜨,,충청북도,증평군,contains_nonprefix,low,브랜드명이 상호명 맨 앞이 아닌 중간/뒤에 위치 (접두어 불일치)
파리바게뜨,논산취암파리바게뜨,,충청남도,논산시,contains_nonprefix,low,브랜드명이 상호명 맨 앞이 아닌 중간/뒤에 위치 (접두어 불일치)
파리바게뜨,파리크라상파리바게뜨제주공항렌터카하우스점,,제주특별자치도,제주시,contains_nonprefix,low,브랜드명이 상호명 맨 앞이 아닌 중간/뒤에 위치 (접두어 불일치)
파리바게뜨,파리크라상파리바게뜨제주공항탑승점,,제주특별자치도,제주시,contains_nonprefix,low,브랜드명이 상호명 맨 앞이 아닌 중간/뒤에 위치 (접두어 불일치)
파리바게뜨,파리크라상파리바게뜨제주,공항점,제주특별자치도,제주시,contains_nonprefix,low,브랜드명이 상호명 맨 앞이 아닌 중간/뒤에 위치 (접두어 불일치)
파리바게뜨,파리크라상파리바게뜨동화,마을점,제주특별자치도,제주시,contains_nonprefix,low,브랜드명이 상호명 맨 앞이 아닌 중간/뒤에 위치 (접두어 불일치)
파리바게뜨,파리크라상파리바게뜨제주공항국제선점,,제주특별자치도,제주시,contains_nonprefix,low,브랜드명이 상호명 맨 앞이 아닌 중간/뒤에 위치 (접두어 불일치)
파리바게뜨,제주서부파리바게뜨,,제주특별자치도,제주시,contains_nonprefix,low,브랜드명이 상호명 맨 앞이 아닌 중간/뒤에 위치 (접두어 불일치)
파리바게뜨,서귀포파리바게뜨,,제주특별자치도,서귀포시,contains_nonprefix,low,브랜드명이 상호명 맨 앞이 아닌 중간/뒤에 위치 (접두어 불일치)
파리바게뜨,정읍파리바게뜨,수성점,전북특별자치도,정읍시,contains_nonprefix,low,브랜드명이 상호명 맨 앞이 아닌 중간/뒤에 위치 (접두어 불일치)
파리바게뜨,군산중앙파리바게뜨,,전북특별자치도,군산시,contains_nonprefix,low,브랜드명이 상호명 맨 앞이 아닌 중간/뒤에 위치 (접두어 불일치)
파리바게뜨,여수웅천파리바게뜨,,전남광주통합특별시,여수시,contains_nonprefix,low,브랜드명이 상호명 맨 앞이 아닌 중간/뒤에 위치 (접두어 불일치)
파리바게뜨,진주금산파리바게뜨,,경상남도,진주시,contains_nonprefix,low,브랜드명이 상호명 맨 앞이 아닌 중간/뒤에 위치 (접두어 불일치)
파리바게뜨,첨단쌍암파리바게뜨,,전남광주통합특별시,광산구,contains_nonprefix,low,브랜드명이 상호명 맨 앞이 아닌 중간/뒤에 위치 (접두어 불일치)
파리바게뜨,배송비_순천조례파리바게뜨,,전남광주통합특별시,순천시,contains_nonprefix,low,브랜드명이 상호명 맨 앞이 아닌 중간/뒤에 위치 (접두어 불일치)
파리바게뜨,목포평화파리바게뜨,광장점,전남광주통합특별시,목포시,contains_nonprefix,low,브랜드명이 상호명 맨 앞이 아닌 중간/뒤에 위치 (접두어 불일치)
파리바게뜨,광주동운파리바게뜨,,전남광주통합특별시,북구,contains_nonprefix,low,브랜드명이 상호명 맨 앞이 아닌 중간/뒤에 위치 (접두어 불일치)
파리바게뜨,파리크라상파리바게뜨인천공항에어랩,,인천광역시,영종구,contains_nonprefix,low,브랜드명이 상호명 맨 앞이 아닌 중간/뒤에 위치 (접두어 불일치)
파리바게뜨,파리크라상파리바게뜨인천공항T2,랜드마크점,인천광역시,영종구,contains_nonprefix,low,브랜드명이 상호명 맨 앞이 아닌 중간/뒤에 위치 (접두어 불일치)
파리바게뜨,파리크라상파리바게뜨인천공항에어이스트점,,인천광역시,영종구,contains_nonprefix,low,브랜드명이 상호명 맨 앞이 아닌 중간/뒤에 위치 (접두어 불일치)
파리바게뜨,계양은행파리바게뜨,,인천광역시,계양구,contains_nonprefix,low,브랜드명이 상호명 맨 앞이 아닌 중간/뒤에 위치 (접두어 불일치)
파리바게뜨,부평지엠파리바게뜨,,인천광역시,부평구,contains_nonprefix,low,브랜드명이 상호명 맨 앞이 아닌 중간/뒤에 위치 (접두어 불일치)
파리바게뜨,송도파리바게뜨,센트럴파크점,인천광역시,연수구,contains_nonprefix,low,브랜드명이 상호명 맨 앞이 아닌 중간/뒤에 위치 (접두어 불일치)
파리바게뜨,서창파리바게뜨,,인천광역시,남동구,contains_nonprefix,low,브랜드명이 상호명 맨 앞이 아닌 중간/뒤에 위치 (접두어 불일치)
파리바게뜨,부평청천파리바게뜨,,인천광역시,부평구,contains_nonprefix,low,브랜드명이 상호명 맨 앞이 아닌 중간/뒤에 위치 (접두어 불일치)
파리바게뜨,세종금남파리바게뜨,,세종특별자치시,세종특별자치시,contains_nonprefix,low,브랜드명이 상호명 맨 앞이 아닌 중간/뒤에 위치 (접두어 불일치)
파리바게뜨,세종첫마을파리바게뜨,,세종특별자치시,세종특별자치시,contains_nonprefix,low,브랜드명이 상호명 맨 앞이 아닌 중간/뒤에 위치 (접두어 불일치)
파리바게뜨,광주대촌파리바게뜨,,전남광주통합특별시,남구,contains_nonprefix,low,브랜드명이 상호명 맨 앞이 아닌 중간/뒤에 위치 (접두어 불일치)
파리바게뜨,양산평산파리바게뜨,,경상남도,양산시,contains_nonprefix,low,브랜드명이 상호명 맨 앞이 아닌 중간/뒤에 위치 (접두어 불일치)
파리바게뜨,나이스컴퍼니신세계파리바게뜨,,대구광역시,동구,contains_nonprefix,low,브랜드명이 상호명 맨 앞이 아닌 중간/뒤에 위치 (접두어 불일치)
파리바게뜨,진해용원파리바게뜨,,경상남도,창원시 진해구,contains_nonprefix,low,브랜드명이 상호명 맨 앞이 아닌 중간/뒤에 위치 (접두어 불일치)
파리바게뜨,파리크라상파리바게뜨횡계점,,강원특별자치도,평창군,contains_nonprefix,low,브랜드명이 상호명 맨 앞이 아닌 중간/뒤에 위치 (접두어 불일치)
파리바게뜨,대아파리바게뜨아주대,병원점,경기도,수원시 영통구,contains_nonprefix,low,브랜드명이 상호명 맨 앞이 아닌 중간/뒤에 위치 (접두어 불일치)
파리바게뜨,사능파리바게뜨-배송비,,경기도,남양주시,contains_nonprefix,low,브랜드명이 상호명 맨 앞이 아닌 중간/뒤에 위치 (접두어 불일치)
파리바게뜨,수원영통파리바게뜨,,경기도,수원시 영통구,contains_nonprefix,low,브랜드명이 상호명 맨 앞이 아닌 중간/뒤에 위치 (접두어 불일치)
파리바게뜨,양지대림파리바게뜨,,경기도,남양주시,contains_nonprefix,low,브랜드명이 상호명 맨 앞이 아닌 중간/뒤에 위치 (접두어 불일치)
파리바게뜨,부천원종점파리바게뜨,,경기도,부천시 오정구,contains_nonprefix,low,브랜드명이 상호명 맨 앞이 아닌 중간/뒤에 위치 (접두어 불일치)
파리바게뜨,아름수리파리바게뜨,선봉대점,경기도,용인시 처인구,contains_nonprefix,low,브랜드명이 상호명 맨 앞이 아닌 중간/뒤에 위치 (접두어 불일치)
파리바게뜨,쏘웰파트너스파리바게뜨수원공군비행단점,,경기도,수원시 권선구,contains_nonprefix,low,브랜드명이 상호명 맨 앞이 아닌 중간/뒤에 위치 (접두어 불일치)
파리바게뜨,용현아이파크파리바게뜨,,경기도,의정부시,contains_nonprefix,low,브랜드명이 상호명 맨 앞이 아닌 중간/뒤에 위치 (접두어 불일치)
파리바게뜨,코스모타워파리바게뜨,,경기도,오산시,contains_nonprefix,low,브랜드명이 상호명 맨 앞이 아닌 중간/뒤에 위치 (접두어 불일치)
파리바게뜨,부천역남부파리바게뜨,,경기도,부천시 소사구,contains_nonprefix,low,브랜드명이 상호명 맨 앞이 아닌 중간/뒤에 위치 (접두어 불일치)
파리바게뜨,아름수리파리바게뜨서울,공항점,경기도,성남시 수정구,contains_nonprefix,low,브랜드명이 상호명 맨 앞이 아닌 중간/뒤에 위치 (접두어 불일치)
파리바게뜨,포천파리바게뜨,,경기도,포천시,contains_nonprefix,low,브랜드명이 상호명 맨 앞이 아닌 중간/뒤에 위치 (접두어 불일치)
파리바게뜨,안중송담파리바게뜨,,경기도,평택시,contains_nonprefix,low,브랜드명이 상호명 맨 앞이 아닌 중간/뒤에 위치 (접두어 불일치)
파리바게뜨,리슈위드파리바게뜨과천지식정보점,,경기도,과천시,contains_nonprefix,low,브랜드명이 상호명 맨 앞이 아닌 중간/뒤에 위치 (접두어 불일치)
파리바게뜨,제이앤비파리바게뜨고덕에듀타운,,경기도,평택시,contains_nonprefix,low,브랜드명이 상호명 맨 앞이 아닌 중간/뒤에 위치 (접두어 불일치)
파리바게뜨,조슈아일구파리바게뜨평택고덕,힐스테이트점,경기도,평택시,contains_nonprefix,low,브랜드명이 상호명 맨 앞이 아닌 중간/뒤에 위치 (접두어 불일치)
파리바게뜨,상동로데오파리바게뜨,,경기도,부천시 원미구,contains_nonprefix,low,브랜드명이 상호명 맨 앞이 아닌 중간/뒤에 위치 (접두어 불일치)
파리바게뜨,파리크라상파리바게뜨삼성SDR점,,경기도,용인시 기흥구,contains_nonprefix,low,브랜드명이 상호명 맨 앞이 아닌 중간/뒤에 위치 (접두어 불일치)
파리바게뜨,파리크라상PARISBAGUETTEBAKINGLAB베이킹랩파리바게뜨,,경기도,수원시 팔달구,contains_nonprefix,low,브랜드명이 상호명 맨 앞이 아닌 중간/뒤에 위치 (접두어 불일치)
파리바게뜨,고촌캐슬&파밀리에파리바게뜨,,경기도,김포시,contains_nonprefix,low,브랜드명이 상호명 맨 앞이 아닌 중간/뒤에 위치 (접두어 불일치)
파리바게뜨,진해녹산파리바게뜨,,경상남도,창원시 진해구,contains_nonprefix,low,브랜드명이 상호명 맨 앞이 아닌 중간/뒤에 위치 (접두어 불일치)
파리바게뜨,파리크라상LABOFPARISBAGUETTE랩오브파리바게뜨,,경기도,성남시 분당구,contains_nonprefix,low,브랜드명이 상호명 맨 앞이 아닌 중간/뒤에 위치 (접두어 불일치)
파리바게뜨,파리크라상파리바게뜨,광명역점,경기도,광명시,contains_nonprefix,low,브랜드명이 상호명 맨 앞이 아닌 중간/뒤에 위치 (접두어 불일치)
파리바게뜨,진주산업대파리바게뜨,,경상남도,진주시,contains_nonprefix,low,브랜드명이 상호명 맨 앞이 아닌 중간/뒤에 위치 (접두어 불일치)
포르피노,포르피노세번째이야기,,전남광주통합특별시,북구,prefix,medium,"상호명이 슬로건/문구 또는 지명이 아닌 단어를 포함, 실존 여부 미확정"
포르피노,포르피노여섯번째이야기,,전남광주통합특별시,북구,prefix,medium,"상호명이 슬로건/문구 또는 지명이 아닌 단어를 포함, 실존 여부 미확정"
풍년제과,피엔비PNB)풍년제과피엔비PNB,,전북특별자치도,전주시 완산구,contains_nonprefix,low,브랜드명이 상호명 맨 앞이 아닌 중간/뒤에 위치 (접두어 불일치)
프루케,프루케모란점,,경기도,성남시 중원구,prefix_short_brand,medium_short_brand,브랜드명이 짧아(4자 미만) 접두어가 일치해도 동명의 무관한 개인 상호일 가능성 있음
하르당,하르당등촌역점,,서울특별시,양천구,prefix_short_brand,medium_short_brand,브랜드명이 짧아(4자 미만) 접두어가 일치해도 동명의 무관한 개인 상호일 가능성 있음
하르당,하르당노원역점,,서울특별시,노원구,prefix_short_brand,medium_short_brand,브랜드명이 짧아(4자 미만) 접두어가 일치해도 동명의 무관한 개인 상호일 가능성 있음
하르당,하르당시흥,사거리점,서울특별시,금천구,prefix_short_brand,medium_short_brand,브랜드명이 짧아(4자 미만) 접두어가 일치해도 동명의 무관한 개인 상호일 가능성 있음
하르당,하르당한티역점,,서울특별시,강남구,prefix_short_brand,medium_short_brand,브랜드명이 짧아(4자 미만) 접두어가 일치해도 동명의 무관한 개인 상호일 가능성 있음
하르당,하르당남구로,시장점,서울특별시,구로구,prefix_short_brand,medium_short_brand,브랜드명이 짧아(4자 미만) 접두어가 일치해도 동명의 무관한 개인 상호일 가능성 있음
하르당,하르당중계은행,사거리점,서울특별시,노원구,prefix_short_brand,medium_short_brand,브랜드명이 짧아(4자 미만) 접두어가 일치해도 동명의 무관한 개인 상호일 가능성 있음
하르당,하르당미아사거리역점,,서울특별시,성북구,prefix_short_brand,medium_short_brand,브랜드명이 짧아(4자 미만) 접두어가 일치해도 동명의 무관한 개인 상호일 가능성 있음
하르당,하르당사가정역점,,서울특별시,중랑구,prefix_short_brand,medium_short_brand,브랜드명이 짧아(4자 미만) 접두어가 일치해도 동명의 무관한 개인 상호일 가능성 있음
하르당,하르당동대신역점,,부산광역시,서구,prefix_short_brand,medium_short_brand,브랜드명이 짧아(4자 미만) 접두어가 일치해도 동명의 무관한 개인 상호일 가능성 있음
하르당,하르당수영역점,,부산광역시,수영구,prefix_short_brand,medium_short_brand,브랜드명이 짧아(4자 미만) 접두어가 일치해도 동명의 무관한 개인 상호일 가능성 있음
하르당,하르당자갈치역점,,부산광역시,중구,prefix_short_brand,medium_short_brand,브랜드명이 짧아(4자 미만) 접두어가 일치해도 동명의 무관한 개인 상호일 가능성 있음
하르당,하르당마산,합성점,경상남도,창원시 마산회원구,prefix_short_brand,medium_short_brand,브랜드명이 짧아(4자 미만) 접두어가 일치해도 동명의 무관한 개인 상호일 가능성 있음
하르당,하르당경기광주,터미널점,경기도,광주시,prefix_short_brand,medium_short_brand,브랜드명이 짧아(4자 미만) 접두어가 일치해도 동명의 무관한 개인 상호일 가능성 있음
하르당,하르당수지구청역점,,경기도,용인시 수지구,prefix_short_brand,medium_short_brand,브랜드명이 짧아(4자 미만) 접두어가 일치해도 동명의 무관한 개인 상호일 가능성 있음
하르당,하르당퇴촌점,,경기도,광주시,prefix_short_brand,medium_short_brand,브랜드명이 짧아(4자 미만) 접두어가 일치해도 동명의 무관한 개인 상호일 가능성 있음
하르당,하르당하단역점,,부산광역시,사하구,prefix_short_brand,medium_short_brand,브랜드명이 짧아(4자 미만) 접두어가 일치해도 동명의 무관한 개인 상호일 가능성 있음
하르당,하르당모래내시장역점,,인천광역시,남동구,prefix_short_brand,medium_short_brand,브랜드명이 짧아(4자 미만) 접두어가 일치해도 동명의 무관한 개인 상호일 가능성 있음
핫브레드 ,동암맞이방종합제과점핫브레드동암점,,인천광역시,부평구,contains_nonprefix,low,브랜드명이 상호명 맨 앞이 아닌 중간/뒤에 위치 (접두어 불일치)
핫브레드 ,주석회사수성제과핫브레드기흥역점,,경기도,용인시 기흥구,contains_nonprefix,low,브랜드명이 상호명 맨 앞이 아닌 중간/뒤에 위치 (접두어 불일치)
핫브레드 ,오류동맞이방종합제과점핫브레드,,서울특별시,구로구,contains_nonprefix,low,브랜드명이 상호명 맨 앞이 아닌 중간/뒤에 위치 (접두어 불일치)
핫브레드 ,에이치비푸드핫브레드,성수역점,서울특별시,성동구,contains_nonprefix,low,브랜드명이 상호명 맨 앞이 아닌 중간/뒤에 위치 (접두어 불일치)
해월당,해월당울산대점,,울산광역시,남구,prefix_short_brand,medium_short_brand,브랜드명이 짧아(4자 미만) 접두어가 일치해도 동명의 무관한 개인 상호일 가능성 있음
해월당,해월당선암호수점,,울산광역시,남구,prefix_short_brand,medium_short_brand,브랜드명이 짧아(4자 미만) 접두어가 일치해도 동명의 무관한 개인 상호일 가능성 있음
해월당,해월당청량율리점,,울산광역시,울주군,prefix_short_brand,medium_short_brand,브랜드명이 짧아(4자 미만) 접두어가 일치해도 동명의 무관한 개인 상호일 가능성 있음
해월당,해월당와우시티점,,울산광역시,북구,prefix_short_brand,medium_short_brand,브랜드명이 짧아(4자 미만) 접두어가 일치해도 동명의 무관한 개인 상호일 가능성 있음
해월당,해월당연화점,,부산광역시,기장군,prefix_short_brand,medium_short_brand,브랜드명이 짧아(4자 미만) 접두어가 일치해도 동명의 무관한 개인 상호일 가능성 있음
해피번,해피번수지구청역점,,경기도,용인시 수지구,prefix_short_brand,medium_short_brand,브랜드명이 짧아(4자 미만) 접두어가 일치해도 동명의 무관한 개인 상호일 가능성 있음
호두가 ,호두가계명대동산,병원점,대구광역시,달서구,prefix_short_brand,medium_short_brand,브랜드명이 짧아(4자 미만) 접두어가 일치해도 동명의 무관한 개인 상호일 가능성 있음
호두가 ,호두가서울시청,직영점,서울특별시,중구,prefix_short_brand,medium_short_brand,브랜드명이 짧아(4자 미만) 접두어가 일치해도 동명의 무관한 개인 상호일 가능성 있음
호두당,호두당군산,수송점,전북특별자치도,군산시,prefix_short_brand,medium_short_brand,브랜드명이 짧아(4자 미만) 접두어가 일치해도 동명의 무관한 개인 상호일 가능성 있음
호두당,호두당안동옥동점,,경상북도,안동시,prefix_short_brand,medium_short_brand,브랜드명이 짧아(4자 미만) 접두어가 일치해도 동명의 무관한 개인 상호일 가능성 있음
호두당,호두당경남,사천점,경상남도,사천시,prefix_short_brand,medium_short_brand,브랜드명이 짧아(4자 미만) 접두어가 일치해도 동명의 무관한 개인 상호일 가능성 있음
호두당,호두당마산,양덕점,경상남도,창원시 마산회원구,prefix_short_brand,medium_short_brand,브랜드명이 짧아(4자 미만) 접두어가 일치해도 동명의 무관한 개인 상호일 가능성 있음
호두당,호두당마산회원점,,경상남도,창원시 마산회원구,prefix_short_brand,medium_short_brand,브랜드명이 짧아(4자 미만) 접두어가 일치해도 동명의 무관한 개인 상호일 가능성 있음
호두당,호두당남해창선점,,경상남도,남해군,prefix_short_brand,medium_short_brand,브랜드명이 짧아(4자 미만) 접두어가 일치해도 동명의 무관한 개인 상호일 가능성 있음
호두당,호두당고덕브리티시,,경기도,평택시,prefix_short_brand,medium_short_brand,브랜드명이 짧아(4자 미만) 접두어가 일치해도 동명의 무관한 개인 상호일 가능성 있음
호두당,호두당동탄역디에트르점,,경기도,화성시 동탄구,prefix_short_brand,medium_short_brand,브랜드명이 짧아(4자 미만) 접두어가 일치해도 동명의 무관한 개인 상호일 가능성 있음
호두당,호두당양주,옥정점,경기도,양주시,prefix_short_brand,medium_short_brand,브랜드명이 짧아(4자 미만) 접두어가 일치해도 동명의 무관한 개인 상호일 가능성 있음
호두당,호두당대구,다사점,대구광역시,달성군,prefix_short_brand,medium_short_brand,브랜드명이 짧아(4자 미만) 접두어가 일치해도 동명의 무관한 개인 상호일 가능성 있음
호두당,호두당;24시카페,,경기도,군포시,prefix_short_brand,medium_short_brand,브랜드명이 짧아(4자 미만) 접두어가 일치해도 동명의 무관한 개인 상호일 가능성 있음
호두당,호두당수원,세류점,경기도,수원시 권선구,prefix_short_brand,medium_short_brand,브랜드명이 짧아(4자 미만) 접두어가 일치해도 동명의 무관한 개인 상호일 가능성 있음
호두당,호두당;카페인러쉬,산본점,경기도,군포시,prefix_short_brand,medium_short_brand,브랜드명이 짧아(4자 미만) 접두어가 일치해도 동명의 무관한 개인 상호일 가능성 있음
호두당,호두당용인역북점,,경기도,용인시 처인구,prefix_short_brand,medium_short_brand,브랜드명이 짧아(4자 미만) 접두어가 일치해도 동명의 무관한 개인 상호일 가능성 있음
호두당,호두당오산세마점,,경기도,오산시,prefix_short_brand,medium_short_brand,브랜드명이 짧아(4자 미만) 접두어가 일치해도 동명의 무관한 개인 상호일 가능성 있음
호두당,호두당강릉,사천점,강원특별자치도,강릉시,prefix_short_brand,medium_short_brand,브랜드명이 짧아(4자 미만) 접두어가 일치해도 동명의 무관한 개인 상호일 가능성 있음
호두당,호두당용인,동백점,경기도,용인시 기흥구,prefix_short_brand,medium_short_brand,브랜드명이 짧아(4자 미만) 접두어가 일치해도 동명의 무관한 개인 상호일 가능성 있음
호두당,호두당전주중인점,,전북특별자치도,전주시 완산구,prefix_short_brand,medium_short_brand,브랜드명이 짧아(4자 미만) 접두어가 일치해도 동명의 무관한 개인 상호일 가능성 있음
호두당,호두당신정,시장점,울산광역시,남구,prefix_short_brand,medium_short_brand,브랜드명이 짧아(4자 미만) 접두어가 일치해도 동명의 무관한 개인 상호일 가능성 있음
호두당,호두당울산,병영점,울산광역시,중구,prefix_short_brand,medium_short_brand,브랜드명이 짧아(4자 미만) 접두어가 일치해도 동명의 무관한 개인 상호일 가능성 있음
호두당,호두당전북무주점,,전북특별자치도,무주군,prefix_short_brand,medium_short_brand,브랜드명이 짧아(4자 미만) 접두어가 일치해도 동명의 무관한 개인 상호일 가능성 있음
호두당,호두당전주,대성점,전북특별자치도,전주시 완산구,prefix_short_brand,medium_short_brand,브랜드명이 짧아(4자 미만) 접두어가 일치해도 동명의 무관한 개인 상호일 가능성 있음
호두당,호두당신,월성점,대구광역시,달서구,prefix_short_brand,medium_short_brand,브랜드명이 짧아(4자 미만) 접두어가 일치해도 동명의 무관한 개인 상호일 가능성 있음
호두당,호두당대전복합,터미널점,대전광역시,동구,prefix_short_brand,medium_short_brand,브랜드명이 짧아(4자 미만) 접두어가 일치해도 동명의 무관한 개인 상호일 가능성 있음
호두당,호두당대전중앙,시장점,대전광역시,동구,prefix_short_brand,medium_short_brand,브랜드명이 짧아(4자 미만) 접두어가 일치해도 동명의 무관한 개인 상호일 가능성 있음
호두당,호두당부산서동점,,부산광역시,금정구,prefix_short_brand,medium_short_brand,브랜드명이 짧아(4자 미만) 접두어가 일치해도 동명의 무관한 개인 상호일 가능성 있음
호두당,호두당부산,중앙점,부산광역시,중구,prefix_short_brand,medium_short_brand,브랜드명이 짧아(4자 미만) 접두어가 일치해도 동명의 무관한 개인 상호일 가능성 있음
호두당,호두당부산,동래점,부산광역시,동래구,prefix_short_brand,medium_short_brand,브랜드명이 짧아(4자 미만) 접두어가 일치해도 동명의 무관한 개인 상호일 가능성 있음
호두당,호두당서초우면점,,서울특별시,서초구,prefix_short_brand,medium_short_brand,브랜드명이 짧아(4자 미만) 접두어가 일치해도 동명의 무관한 개인 상호일 가능성 있음
호두당,호두당전주아중점,,전북특별자치도,전주시 덕진구,prefix_short_brand,medium_short_brand,브랜드명이 짧아(4자 미만) 접두어가 일치해도 동명의 무관한 개인 상호일 가능성 있음
호두당,호두당울산,매곡점,울산광역시,북구,prefix_short_brand,medium_short_brand,브랜드명이 짧아(4자 미만) 접두어가 일치해도 동명의 무관한 개인 상호일 가능성 있음
호두당,호두당울산화봉점,,울산광역시,북구,prefix_short_brand,medium_short_brand,브랜드명이 짧아(4자 미만) 접두어가 일치해도 동명의 무관한 개인 상호일 가능성 있음
호두당,호두당앨리웨이,인천점,인천광역시,미추홀구,prefix_short_brand,medium_short_brand,브랜드명이 짧아(4자 미만) 접두어가 일치해도 동명의 무관한 개인 상호일 가능성 있음
호두당,호두당인천만수점,,인천광역시,남동구,prefix_short_brand,medium_short_brand,브랜드명이 짧아(4자 미만) 접두어가 일치해도 동명의 무관한 개인 상호일 가능성 있음
호밀호두,금정역호밀호두,,경기도,군포시,contains_nonprefix,low,브랜드명이 상호명 맨 앞이 아닌 중간/뒤에 위치 (접두어 불일치)
호밀호두,원흥로또앤호밀호두,,경기도,고양시 덕양구,contains_nonprefix,low,브랜드명이 상호명 맨 앞이 아닌 중간/뒤에 위치 (접두어 불일치)
호밀호두,카페너틀리호밀호두루원시티점,,인천광역시,서해구,contains_nonprefix,low,브랜드명이 상호명 맨 앞이 아닌 중간/뒤에 위치 (접두어 불일치)
호밀호두,동래호밀호두,,부산광역시,동래구,contains_nonprefix,low,브랜드명이 상호명 맨 앞이 아닌 중간/뒤에 위치 (접두어 불일치)
호밀호두,합정호밀밭의호두꾼호밀호두,본점,서울특별시,마포구,contains_nonprefix,low,브랜드명이 상호명 맨 앞이 아닌 중간/뒤에 위치 (접두어 불일치)
화이트리에,지은파라다이스화이트리에,용호점,부산광역시,남구,contains_nonprefix,low,브랜드명이 상호명 맨 앞이 아닌 중간/뒤에 위치 (접두어 불일치)
화이트리에,지은파라다이스화이트리에,마린시티점,부산광역시,해운대구,contains_nonprefix,low,브랜드명이 상호명 맨 앞이 아닌 중간/뒤에 위치 (접두어 불일치)
