raw_feature,standardized_feature,transform,missing_rate,target_sensitive_supply_feature
bakery_similr_induty_stor_co,z__bakery_similr_induty_stor_co,log1p,0.281212,True
bakery_stor_co,z__bakery_stor_co,log1p,0.281212,True
bakery_frc_stor_co,z__bakery_frc_stor_co,log1p,0.281212,True
bakery_opbiz_rt,z__bakery_opbiz_rt,log1p,0.281212,False
bakery_opbiz_stor_co,z__bakery_opbiz_stor_co,log1p,0.281212,True
bakery_clsbiz_rt,z__bakery_clsbiz_rt,log1p,0.281212,False
bakery_clsbiz_stor_co,z__bakery_clsbiz_stor_co,log1p,0.281212,True
coffee_frc_stor_co,z__coffee_frc_stor_co,log1p,0.081212,False
coffee_opbiz_rt,z__coffee_opbiz_rt,log1p,0.081212,False
coffee_opbiz_stor_co,z__coffee_opbiz_stor_co,log1p,0.081212,False
coffee_clsbiz_rt,z__coffee_clsbiz_rt,log1p,0.081212,False
coffee_clsbiz_stor_co,z__coffee_clsbiz_stor_co,log1p,0.081212,False
bakery_thsmon_selng_amt,z__bakery_thsmon_selng_amt,log1p,0.737576,False
bakery_thsmon_selng_co,z__bakery_thsmon_selng_co,log1p,0.737576,False
bakery_mdwk_selng_amt,z__bakery_mdwk_selng_amt,log1p,0.737576,False
bakery_wkend_selng_amt,z__bakery_wkend_selng_amt,log1p,0.737576,False
bakery_mon_selng_amt,z__bakery_mon_selng_amt,log1p,0.737576,False
bakery_tues_selng_amt,z__bakery_tues_selng_amt,log1p,0.737576,False
bakery_wed_selng_amt,z__bakery_wed_selng_amt,log1p,0.737576,False
bakery_thur_selng_amt,z__bakery_thur_selng_amt,log1p,0.737576,False
bakery_fri_selng_amt,z__bakery_fri_selng_amt,log1p,0.737576,False
bakery_sat_selng_amt,z__bakery_sat_selng_amt,log1p,0.737576,False
bakery_sun_selng_amt,z__bakery_sun_selng_amt,log1p,0.737576,False
bakery_tmzon_00_06_selng_amt,z__bakery_tmzon_00_06_selng_amt,log1p,0.737576,False
bakery_tmzon_06_11_selng_amt,z__bakery_tmzon_06_11_selng_amt,log1p,0.737576,False
bakery_tmzon_11_14_selng_amt,z__bakery_tmzon_11_14_selng_amt,log1p,0.737576,False
bakery_tmzon_14_17_selng_amt,z__bakery_tmzon_14_17_selng_amt,log1p,0.737576,False
bakery_tmzon_17_21_selng_amt,z__bakery_tmzon_17_21_selng_amt,log1p,0.737576,False
bakery_tmzon_21_24_selng_amt,z__bakery_tmzon_21_24_selng_amt,log1p,0.737576,False
bakery_ml_selng_amt,z__bakery_ml_selng_amt,log1p,0.737576,False
bakery_fml_selng_amt,z__bakery_fml_selng_amt,log1p,0.737576,False
bakery_agrde_10_selng_amt,z__bakery_agrde_10_selng_amt,log1p,0.737576,False
bakery_agrde_20_selng_amt,z__bakery_agrde_20_selng_amt,log1p,0.737576,False
bakery_agrde_30_selng_amt,z__bakery_agrde_30_selng_amt,log1p,0.737576,False
bakery_agrde_40_selng_amt,z__bakery_agrde_40_selng_amt,log1p,0.737576,False
bakery_agrde_50_selng_amt,z__bakery_agrde_50_selng_amt,log1p,0.737576,False
bakery_agrde_60_above_selng_amt,z__bakery_agrde_60_above_selng_amt,log1p,0.737576,False
bakery_mdwk_selng_co,z__bakery_mdwk_selng_co,log1p,0.737576,False
bakery_wkend_selng_co,z__bakery_wkend_selng_co,log1p,0.737576,False
bakery_mon_selng_co,z__bakery_mon_selng_co,log1p,0.737576,False
bakery_tues_selng_co,z__bakery_tues_selng_co,log1p,0.737576,False
bakery_wed_selng_co,z__bakery_wed_selng_co,log1p,0.737576,False
bakery_thur_selng_co,z__bakery_thur_selng_co,log1p,0.737576,False
bakery_fri_selng_co,z__bakery_fri_selng_co,log1p,0.737576,False
bakery_sat_selng_co,z__bakery_sat_selng_co,log1p,0.737576,False
bakery_sun_selng_co,z__bakery_sun_selng_co,log1p,0.737576,False
bakery_tmzon_00_06_selng_co,z__bakery_tmzon_00_06_selng_co,log1p,0.737576,False
bakery_tmzon_06_11_selng_co,z__bakery_tmzon_06_11_selng_co,log1p,0.737576,False
bakery_tmzon_11_14_selng_co,z__bakery_tmzon_11_14_selng_co,log1p,0.737576,False
bakery_tmzon_14_17_selng_co,z__bakery_tmzon_14_17_selng_co,log1p,0.737576,False
bakery_tmzon_17_21_selng_co,z__bakery_tmzon_17_21_selng_co,log1p,0.737576,False
bakery_tmzon_21_24_selng_co,z__bakery_tmzon_21_24_selng_co,log1p,0.737576,False
bakery_ml_selng_co,z__bakery_ml_selng_co,log1p,0.737576,False
bakery_fml_selng_co,z__bakery_fml_selng_co,log1p,0.737576,False
bakery_agrde_10_selng_co,z__bakery_agrde_10_selng_co,log1p,0.737576,False
bakery_agrde_20_selng_co,z__bakery_agrde_20_selng_co,log1p,0.737576,False
bakery_agrde_30_selng_co,z__bakery_agrde_30_selng_co,log1p,0.737576,False
bakery_agrde_40_selng_co,z__bakery_agrde_40_selng_co,log1p,0.737576,False
bakery_agrde_50_selng_co,z__bakery_agrde_50_selng_co,log1p,0.737576,False
bakery_agrde_60_above_selng_co,z__bakery_agrde_60_above_selng_co,log1p,0.737576,False
coffee_thsmon_selng_amt,z__coffee_thsmon_selng_amt,log1p,0.355152,False
coffee_thsmon_selng_co,z__coffee_thsmon_selng_co,log1p,0.355152,False
coffee_mdwk_selng_amt,z__coffee_mdwk_selng_amt,log1p,0.355152,False
coffee_wkend_selng_amt,z__coffee_wkend_selng_amt,log1p,0.355152,False
coffee_mon_selng_amt,z__coffee_mon_selng_amt,log1p,0.355152,False
coffee_tues_selng_amt,z__coffee_tues_selng_amt,log1p,0.355152,False
coffee_wed_selng_amt,z__coffee_wed_selng_amt,log1p,0.355152,False
coffee_thur_selng_amt,z__coffee_thur_selng_amt,log1p,0.355152,False
coffee_fri_selng_amt,z__coffee_fri_selng_amt,log1p,0.355152,False
coffee_sat_selng_amt,z__coffee_sat_selng_amt,log1p,0.355152,False
coffee_sun_selng_amt,z__coffee_sun_selng_amt,log1p,0.355152,False
coffee_tmzon_00_06_selng_amt,z__coffee_tmzon_00_06_selng_amt,log1p,0.355152,False
coffee_tmzon_06_11_selng_amt,z__coffee_tmzon_06_11_selng_amt,log1p,0.355152,False
coffee_tmzon_11_14_selng_amt,z__coffee_tmzon_11_14_selng_amt,log1p,0.355152,False
coffee_tmzon_14_17_selng_amt,z__coffee_tmzon_14_17_selng_amt,log1p,0.355152,False
coffee_tmzon_17_21_selng_amt,z__coffee_tmzon_17_21_selng_amt,log1p,0.355152,False
coffee_tmzon_21_24_selng_amt,z__coffee_tmzon_21_24_selng_amt,log1p,0.355152,False
coffee_ml_selng_amt,z__coffee_ml_selng_amt,log1p,0.355152,False
coffee_fml_selng_amt,z__coffee_fml_selng_amt,log1p,0.355152,False
coffee_agrde_10_selng_amt,z__coffee_agrde_10_selng_amt,log1p,0.355152,False
coffee_agrde_20_selng_amt,z__coffee_agrde_20_selng_amt,log1p,0.355152,False
coffee_agrde_30_selng_amt,z__coffee_agrde_30_selng_amt,log1p,0.355152,False
coffee_agrde_40_selng_amt,z__coffee_agrde_40_selng_amt,log1p,0.355152,False
coffee_agrde_50_selng_amt,z__coffee_agrde_50_selng_amt,log1p,0.355152,False
coffee_agrde_60_above_selng_amt,z__coffee_agrde_60_above_selng_amt,log1p,0.355152,False
coffee_mdwk_selng_co,z__coffee_mdwk_selng_co,log1p,0.355152,False
coffee_wkend_selng_co,z__coffee_wkend_selng_co,log1p,0.355152,False
coffee_mon_selng_co,z__coffee_mon_selng_co,log1p,0.355152,False
coffee_tues_selng_co,z__coffee_tues_selng_co,log1p,0.355152,False
coffee_wed_selng_co,z__coffee_wed_selng_co,log1p,0.355152,False
coffee_thur_selng_co,z__coffee_thur_selng_co,log1p,0.355152,False
coffee_fri_selng_co,z__coffee_fri_selng_co,log1p,0.355152,False
coffee_sat_selng_co,z__coffee_sat_selng_co,log1p,0.355152,False
coffee_sun_selng_co,z__coffee_sun_selng_co,log1p,0.355152,False
coffee_tmzon_00_06_selng_co,z__coffee_tmzon_00_06_selng_co,log1p,0.355152,False
coffee_tmzon_06_11_selng_co,z__coffee_tmzon_06_11_selng_co,log1p,0.355152,False
coffee_tmzon_11_14_selng_co,z__coffee_tmzon_11_14_selng_co,log1p,0.355152,False
coffee_tmzon_14_17_selng_co,z__coffee_tmzon_14_17_selng_co,log1p,0.355152,False
coffee_tmzon_17_21_selng_co,z__coffee_tmzon_17_21_selng_co,log1p,0.355152,False
coffee_tmzon_21_24_selng_co,z__coffee_tmzon_21_24_selng_co,log1p,0.355152,False
coffee_ml_selng_co,z__coffee_ml_selng_co,log1p,0.355152,False
coffee_fml_selng_co,z__coffee_fml_selng_co,log1p,0.355152,False
coffee_agrde_10_selng_co,z__coffee_agrde_10_selng_co,log1p,0.355152,False
coffee_agrde_20_selng_co,z__coffee_agrde_20_selng_co,log1p,0.355152,False
coffee_agrde_30_selng_co,z__coffee_agrde_30_selng_co,log1p,0.355152,False
coffee_agrde_40_selng_co,z__coffee_agrde_40_selng_co,log1p,0.355152,False
coffee_agrde_50_selng_co,z__coffee_agrde_50_selng_co,log1p,0.355152,False
coffee_agrde_60_above_selng_co,z__coffee_agrde_60_above_selng_co,log1p,0.355152,False
bakery_avg_ticket,z__bakery_avg_ticket,log1p,0.737576,False
bakery_sales_per_store,z__bakery_sales_per_store,log1p,0.74,True
bakery_txn_per_store,z__bakery_txn_per_store,log1p,0.74,True
bakery_franchise_store_share,z__bakery_franchise_store_share,identity,0.285455,True
coffee_avg_ticket,z__coffee_avg_ticket,log1p,0.355152,False
coffee_sales_per_store,z__coffee_sales_per_store,log1p,0.35697,False
bakery_to_coffee_sales_ratio,z__bakery_to_coffee_sales_ratio,identity,0.750909,False
bakery_female_share_amt,z__bakery_female_share_amt,identity,0.737576,False
bakery_male_share_amt,z__bakery_male_share_amt,identity,0.737576,False
bakery_weekend_share_amt,z__bakery_weekend_share_amt,identity,0.737576,False
bakery_age_10_share_amt,z__bakery_age_10_share_amt,identity,0.737576,False
bakery_age_20_share_amt,z__bakery_age_20_share_amt,identity,0.737576,False
bakery_age_30_share_amt,z__bakery_age_30_share_amt,identity,0.737576,False
bakery_age_40_share_amt,z__bakery_age_40_share_amt,identity,0.737576,False
bakery_age_50_share_amt,z__bakery_age_50_share_amt,identity,0.737576,False
bakery_age_60_above_share_amt,z__bakery_age_60_above_share_amt,identity,0.737576,False
bakery_weekend_share_cnt,z__bakery_weekend_share_cnt,identity,0.737576,False
bakery_count_250m,z__bakery_count_250m,log1p,0.0,False
bakery_count_500m,z__bakery_count_500m,log1p,0.0,False
bakery_count_1000m,z__bakery_count_1000m,log1p,0.0,False
bakery_nearest_distance_m,z__bakery_nearest_distance_m,log1p,0.0,True
bakery_exp_decay_pressure_300m,z__bakery_exp_decay_pressure_300m,log1p,0.0,True
cafe_nearest_distance_m,z__cafe_nearest_distance_m,log1p,0.0,False
cafe_exp_decay_pressure_300m,z__cafe_exp_decay_pressure_300m,log1p,0.0,False
rice_cake_nearest_distance_m,z__rice_cake_nearest_distance_m,log1p,0.0,False
rice_cake_exp_decay_pressure_300m,z__rice_cake_exp_decay_pressure_300m,log1p,0.0,False
bakery_density_500m_per_km2,z__bakery_density_500m_per_km2,log1p,0.0,True
bakery_share_relevant_food_500m,z__bakery_share_relevant_food_500m,identity,0.000606,False
bakery_to_cafe_count_ratio_500m,z__bakery_to_cafe_count_ratio_500m,identity,0.0,False
