brand_name,ccg,area_count,affinity_unique_values,largest_affinity_tie_share
곤트란쉐리에(Gontran Cherrier),11110,19,1,1.0
곤트란쉐리에(Gontran Cherrier),11140,25,1,1.0
곤트란쉐리에(Gontran Cherrier),11170,16,1,1.0
곤트란쉐리에(Gontran Cherrier),11200,13,1,1.0
곤트란쉐리에(Gontran Cherrier),11215,16,1,1.0
곤트란쉐리에(Gontran Cherrier),11230,14,1,1.0
곤트란쉐리에(Gontran Cherrier),11260,13,1,1.0
곤트란쉐리에(Gontran Cherrier),11290,17,1,1.0
곤트란쉐리에(Gontran Cherrier),11305,7,1,1.0
곤트란쉐리에(Gontran Cherrier),11320,16,1,1.0
곤트란쉐리에(Gontran Cherrier),11350,13,1,1.0
곤트란쉐리에(Gontran Cherrier),11380,18,1,1.0
곤트란쉐리에(Gontran Cherrier),11410,17,1,1.0
곤트란쉐리에(Gontran Cherrier),11440,28,1,1.0
곤트란쉐리에(Gontran Cherrier),11470,18,1,1.0
곤트란쉐리에(Gontran Cherrier),11500,18,1,1.0
곤트란쉐리에(Gontran Cherrier),11530,15,1,1.0
곤트란쉐리에(Gontran Cherrier),11545,10,1,1.0
곤트란쉐리에(Gontran Cherrier),11560,13,1,1.0
곤트란쉐리에(Gontran Cherrier),11590,14,1,1.0
곤트란쉐리에(Gontran Cherrier),11620,16,1,1.0
곤트란쉐리에(Gontran Cherrier),11650,20,1,1.0
곤트란쉐리에(Gontran Cherrier),11680,29,1,1.0
곤트란쉐리에(Gontran Cherrier),11710,29,1,1.0
곤트란쉐리에(Gontran Cherrier),11740,19,1,1.0
더베이크,11110,19,1,1.0
더베이크,11140,25,1,1.0
더베이크,11170,16,1,1.0
더베이크,11200,13,1,1.0
더베이크,11215,16,1,1.0
더베이크,11230,14,1,1.0
더베이크,11260,13,1,1.0
더베이크,11290,17,1,1.0
더베이크,11305,7,1,1.0
더베이크,11320,16,1,1.0
더베이크,11350,13,1,1.0
더베이크,11380,18,1,1.0
더베이크,11410,17,1,1.0
더베이크,11440,28,1,1.0
더베이크,11470,18,1,1.0
더베이크,11500,18,1,1.0
더베이크,11530,15,1,1.0
더베이크,11545,10,1,1.0
더베이크,11560,13,1,1.0
더베이크,11590,14,1,1.0
더베이크,11620,16,1,1.0
더베이크,11650,20,1,1.0
더베이크,11680,29,1,1.0
더베이크,11710,29,1,1.0
더베이크,11740,19,1,1.0
던킨/던킨도너츠,11110,19,1,1.0
던킨/던킨도너츠,11140,25,1,1.0
던킨/던킨도너츠,11170,16,1,1.0
던킨/던킨도너츠,11200,13,1,1.0
던킨/던킨도너츠,11215,16,1,1.0
던킨/던킨도너츠,11230,14,1,1.0
던킨/던킨도너츠,11260,13,1,1.0
던킨/던킨도너츠,11290,17,1,1.0
던킨/던킨도너츠,11305,7,1,1.0
던킨/던킨도너츠,11320,16,1,1.0
던킨/던킨도너츠,11350,13,1,1.0
던킨/던킨도너츠,11380,18,1,1.0
던킨/던킨도너츠,11410,17,1,1.0
던킨/던킨도너츠,11440,28,1,1.0
던킨/던킨도너츠,11470,18,1,1.0
던킨/던킨도너츠,11500,18,1,1.0
던킨/던킨도너츠,11530,15,1,1.0
던킨/던킨도너츠,11545,10,1,1.0
던킨/던킨도너츠,11560,13,1,1.0
던킨/던킨도너츠,11590,14,1,1.0
던킨/던킨도너츠,11620,16,1,1.0
던킨/던킨도너츠,11650,20,1,1.0
던킨/던킨도너츠,11680,29,1,1.0
던킨/던킨도너츠,11710,29,1,1.0
던킨/던킨도너츠,11740,19,1,1.0
디에그,11110,19,1,1.0
디에그,11140,25,1,1.0
디에그,11170,16,1,1.0
디에그,11200,13,1,1.0
디에그,11215,16,1,1.0
디에그,11230,14,1,1.0
디에그,11260,13,1,1.0
디에그,11290,17,1,1.0
디에그,11305,7,1,1.0
디에그,11320,16,1,1.0
디에그,11350,13,1,1.0
디에그,11380,18,1,1.0
디에그,11410,17,1,1.0
디에그,11440,28,1,1.0
디에그,11470,18,1,1.0
디에그,11500,18,1,1.0
디에그,11530,15,1,1.0
디에그,11545,10,1,1.0
디에그,11560,13,1,1.0
디에그,11590,14,1,1.0
디에그,11620,16,1,1.0
디에그,11650,20,1,1.0
디에그,11680,29,1,1.0
디에그,11710,29,1,1.0
디에그,11740,19,1,1.0
뚜레쥬르,11110,19,1,1.0
뚜레쥬르,11140,25,1,1.0
뚜레쥬르,11170,16,1,1.0
뚜레쥬르,11200,13,1,1.0
뚜레쥬르,11215,16,1,1.0
뚜레쥬르,11230,14,1,1.0
뚜레쥬르,11260,13,1,1.0
뚜레쥬르,11290,17,1,1.0
뚜레쥬르,11305,7,1,1.0
뚜레쥬르,11320,16,1,1.0
뚜레쥬르,11350,13,1,1.0
뚜레쥬르,11380,18,1,1.0
뚜레쥬르,11410,17,1,1.0
뚜레쥬르,11440,28,1,1.0
뚜레쥬르,11470,18,1,1.0
뚜레쥬르,11500,18,1,1.0
뚜레쥬르,11530,15,1,1.0
뚜레쥬르,11545,10,1,1.0
뚜레쥬르,11560,13,1,1.0
뚜레쥬르,11590,14,1,1.0
뚜레쥬르,11620,16,1,1.0
뚜레쥬르,11650,20,1,1.0
뚜레쥬르,11680,29,1,1.0
뚜레쥬르,11710,29,1,1.0
뚜레쥬르,11740,19,1,1.0
롤링핀,11110,19,1,1.0
롤링핀,11140,25,1,1.0
롤링핀,11170,16,1,1.0
롤링핀,11200,13,1,1.0
롤링핀,11215,16,1,1.0
롤링핀,11230,14,1,1.0
롤링핀,11260,13,1,1.0
롤링핀,11290,17,1,1.0
롤링핀,11305,7,1,1.0
롤링핀,11320,16,1,1.0
롤링핀,11350,13,1,1.0
롤링핀,11380,18,1,1.0
롤링핀,11410,17,1,1.0
롤링핀,11440,28,1,1.0
롤링핀,11470,18,1,1.0
롤링핀,11500,18,1,1.0
롤링핀,11530,15,1,1.0
롤링핀,11545,10,1,1.0
롤링핀,11560,13,1,1.0
롤링핀,11590,14,1,1.0
롤링핀,11620,16,1,1.0
롤링핀,11650,20,1,1.0
롤링핀,11680,29,1,1.0
롤링핀,11710,29,1,1.0
롤링핀,11740,19,1,1.0
명랑시대쌀핫도그,11110,19,1,1.0
명랑시대쌀핫도그,11140,25,1,1.0
명랑시대쌀핫도그,11170,16,1,1.0
명랑시대쌀핫도그,11200,13,1,1.0
명랑시대쌀핫도그,11215,16,1,1.0
명랑시대쌀핫도그,11230,14,1,1.0
명랑시대쌀핫도그,11260,13,1,1.0
명랑시대쌀핫도그,11290,17,1,1.0
명랑시대쌀핫도그,11305,7,1,1.0
명랑시대쌀핫도그,11320,16,1,1.0
명랑시대쌀핫도그,11350,13,1,1.0
명랑시대쌀핫도그,11380,18,1,1.0
명랑시대쌀핫도그,11410,17,1,1.0
명랑시대쌀핫도그,11440,28,1,1.0
명랑시대쌀핫도그,11470,18,1,1.0
명랑시대쌀핫도그,11500,18,1,1.0
명랑시대쌀핫도그,11530,15,1,1.0
명랑시대쌀핫도그,11545,10,1,1.0
명랑시대쌀핫도그,11560,13,1,1.0
명랑시대쌀핫도그,11590,14,1,1.0
명랑시대쌀핫도그,11620,16,1,1.0
명랑시대쌀핫도그,11650,20,1,1.0
명랑시대쌀핫도그,11680,29,1,1.0
명랑시대쌀핫도그,11710,29,1,1.0
명랑시대쌀핫도그,11740,19,1,1.0
못난이꽈배기,11110,19,1,1.0
못난이꽈배기,11140,25,1,1.0
못난이꽈배기,11170,16,1,1.0
못난이꽈배기,11200,13,1,1.0
못난이꽈배기,11215,16,1,1.0
못난이꽈배기,11230,14,1,1.0
못난이꽈배기,11260,13,1,1.0
못난이꽈배기,11290,17,1,1.0
못난이꽈배기,11305,7,1,1.0
못난이꽈배기,11320,16,1,1.0
못난이꽈배기,11350,13,1,1.0
못난이꽈배기,11380,18,1,1.0
못난이꽈배기,11410,17,1,1.0
못난이꽈배기,11440,28,1,1.0
못난이꽈배기,11470,18,1,1.0
못난이꽈배기,11500,18,1,1.0
못난이꽈배기,11530,15,1,1.0
못난이꽈배기,11545,10,1,1.0
못난이꽈배기,11560,13,1,1.0
못난이꽈배기,11590,14,1,1.0
못난이꽈배기,11620,16,1,1.0
못난이꽈배기,11650,20,1,1.0
못난이꽈배기,11680,29,1,1.0
못난이꽈배기,11710,29,1,1.0
못난이꽈배기,11740,19,1,1.0
보리원,11110,19,1,1.0
보리원,11140,25,1,1.0
보리원,11170,16,1,1.0
보리원,11200,13,1,1.0
보리원,11215,16,1,1.0
보리원,11230,14,1,1.0
보리원,11260,13,1,1.0
보리원,11290,17,1,1.0
보리원,11305,7,1,1.0
보리원,11320,16,1,1.0
보리원,11350,13,1,1.0
보리원,11380,18,1,1.0
보리원,11410,17,1,1.0
보리원,11440,28,1,1.0
보리원,11470,18,1,1.0
보리원,11500,18,1,1.0
보리원,11530,15,1,1.0
보리원,11545,10,1,1.0
보리원,11560,13,1,1.0
보리원,11590,14,1,1.0
보리원,11620,16,1,1.0
보리원,11650,20,1,1.0
보리원,11680,29,1,1.0
보리원,11710,29,1,1.0
보리원,11740,19,1,1.0
복호두,11110,19,1,1.0
복호두,11140,25,1,1.0
복호두,11170,16,1,1.0
복호두,11200,13,1,1.0
복호두,11215,16,1,1.0
복호두,11230,14,1,1.0
복호두,11260,13,1,1.0
복호두,11290,17,1,1.0
복호두,11305,7,1,1.0
복호두,11320,16,1,1.0
복호두,11350,13,1,1.0
복호두,11380,18,1,1.0
복호두,11410,17,1,1.0
복호두,11440,28,1,1.0
복호두,11470,18,1,1.0
복호두,11500,18,1,1.0
복호두,11530,15,1,1.0
복호두,11545,10,1,1.0
복호두,11560,13,1,1.0
복호두,11590,14,1,1.0
복호두,11620,16,1,1.0
복호두,11650,20,1,1.0
복호두,11680,29,1,1.0
복호두,11710,29,1,1.0
복호두,11740,19,1,1.0
브레댄코(bread&co.DAILY-NEW),11110,19,1,1.0
브레댄코(bread&co.DAILY-NEW),11140,25,1,1.0
브레댄코(bread&co.DAILY-NEW),11170,16,1,1.0
브레댄코(bread&co.DAILY-NEW),11200,13,1,1.0
브레댄코(bread&co.DAILY-NEW),11215,16,1,1.0
브레댄코(bread&co.DAILY-NEW),11230,14,1,1.0
브레댄코(bread&co.DAILY-NEW),11260,13,1,1.0
브레댄코(bread&co.DAILY-NEW),11290,17,1,1.0
브레댄코(bread&co.DAILY-NEW),11305,7,1,1.0
브레댄코(bread&co.DAILY-NEW),11320,16,1,1.0
브레댄코(bread&co.DAILY-NEW),11350,13,1,1.0
브레댄코(bread&co.DAILY-NEW),11380,18,1,1.0
브레댄코(bread&co.DAILY-NEW),11410,17,1,1.0
브레댄코(bread&co.DAILY-NEW),11440,28,1,1.0
브레댄코(bread&co.DAILY-NEW),11470,18,1,1.0
브레댄코(bread&co.DAILY-NEW),11500,18,1,1.0
브레댄코(bread&co.DAILY-NEW),11530,15,1,1.0
브레댄코(bread&co.DAILY-NEW),11545,10,1,1.0
브레댄코(bread&co.DAILY-NEW),11560,13,1,1.0
브레댄코(bread&co.DAILY-NEW),11590,14,1,1.0
브레댄코(bread&co.DAILY-NEW),11620,16,1,1.0
브레댄코(bread&co.DAILY-NEW),11650,20,1,1.0
브레댄코(bread&co.DAILY-NEW),11680,29,1,1.0
브레댄코(bread&co.DAILY-NEW),11710,29,1,1.0
브레댄코(bread&co.DAILY-NEW),11740,19,1,1.0
빵굼터,11110,19,1,1.0
빵굼터,11140,25,1,1.0
빵굼터,11170,16,1,1.0
빵굼터,11200,13,1,1.0
빵굼터,11215,16,1,1.0
빵굼터,11230,14,1,1.0
빵굼터,11260,13,1,1.0
빵굼터,11290,17,1,1.0
빵굼터,11305,7,1,1.0
빵굼터,11320,16,1,1.0
빵굼터,11350,13,1,1.0
빵굼터,11380,18,1,1.0
빵굼터,11410,17,1,1.0
빵굼터,11440,28,1,1.0
빵굼터,11470,18,1,1.0
빵굼터,11500,18,1,1.0
빵굼터,11530,15,1,1.0
빵굼터,11545,10,1,1.0
빵굼터,11560,13,1,1.0
빵굼터,11590,14,1,1.0
빵굼터,11620,16,1,1.0
빵굼터,11650,20,1,1.0
빵굼터,11680,29,1,1.0
빵굼터,11710,29,1,1.0
빵굼터,11740,19,1,1.0
빵장수단팥빵,11110,19,1,1.0
빵장수단팥빵,11140,25,1,1.0
빵장수단팥빵,11170,16,1,1.0
빵장수단팥빵,11200,13,1,1.0
빵장수단팥빵,11215,16,1,1.0
빵장수단팥빵,11230,14,1,1.0
빵장수단팥빵,11260,13,1,1.0
빵장수단팥빵,11290,17,1,1.0
빵장수단팥빵,11305,7,1,1.0
빵장수단팥빵,11320,16,1,1.0
빵장수단팥빵,11350,13,1,1.0
빵장수단팥빵,11380,18,1,1.0
빵장수단팥빵,11410,17,1,1.0
빵장수단팥빵,11440,28,1,1.0
빵장수단팥빵,11470,18,1,1.0
빵장수단팥빵,11500,18,1,1.0
빵장수단팥빵,11530,15,1,1.0
빵장수단팥빵,11545,10,1,1.0
빵장수단팥빵,11560,13,1,1.0
빵장수단팥빵,11590,14,1,1.0
빵장수단팥빵,11620,16,1,1.0
빵장수단팥빵,11650,20,1,1.0
빵장수단팥빵,11680,29,1,1.0
빵장수단팥빵,11710,29,1,1.0
빵장수단팥빵,11740,19,1,1.0
삼송빵집,11110,19,1,1.0
삼송빵집,11140,25,1,1.0
삼송빵집,11170,16,1,1.0
삼송빵집,11200,13,1,1.0
삼송빵집,11215,16,1,1.0
삼송빵집,11230,14,1,1.0
삼송빵집,11260,13,1,1.0
삼송빵집,11290,17,1,1.0
삼송빵집,11305,7,1,1.0
삼송빵집,11320,16,1,1.0
삼송빵집,11350,13,1,1.0
삼송빵집,11380,18,1,1.0
삼송빵집,11410,17,1,1.0
삼송빵집,11440,28,1,1.0
삼송빵집,11470,18,1,1.0
삼송빵집,11500,18,1,1.0
삼송빵집,11530,15,1,1.0
삼송빵집,11545,10,1,1.0
삼송빵집,11560,13,1,1.0
삼송빵집,11590,14,1,1.0
삼송빵집,11620,16,1,1.0
삼송빵집,11650,20,1,1.0
삼송빵집,11680,29,1,1.0
삼송빵집,11710,29,1,1.0
삼송빵집,11740,19,1,1.0
소림사,11110,19,1,1.0
소림사,11140,25,1,1.0
소림사,11170,16,1,1.0
소림사,11200,13,1,1.0
소림사,11215,16,1,1.0
소림사,11230,14,1,1.0
소림사,11260,13,1,1.0
소림사,11290,17,1,1.0
소림사,11305,7,1,1.0
소림사,11320,16,1,1.0
소림사,11350,13,1,1.0
소림사,11380,18,1,1.0
소림사,11410,17,1,1.0
소림사,11440,28,1,1.0
소림사,11470,18,1,1.0
소림사,11500,18,1,1.0
소림사,11530,15,1,1.0
소림사,11545,10,1,1.0
소림사,11560,13,1,1.0
소림사,11590,14,1,1.0
소림사,11620,16,1,1.0
소림사,11650,20,1,1.0
소림사,11680,29,1,1.0
소림사,11710,29,1,1.0
소림사,11740,19,1,1.0
스트릿츄러스,11110,19,1,1.0
스트릿츄러스,11140,25,1,1.0
스트릿츄러스,11170,16,1,1.0
스트릿츄러스,11200,13,1,1.0
스트릿츄러스,11215,16,1,1.0
스트릿츄러스,11230,14,1,1.0
스트릿츄러스,11260,13,1,1.0
스트릿츄러스,11290,17,1,1.0
스트릿츄러스,11305,7,1,1.0
스트릿츄러스,11320,16,1,1.0
스트릿츄러스,11350,13,1,1.0
스트릿츄러스,11380,18,1,1.0
스트릿츄러스,11410,17,1,1.0
스트릿츄러스,11440,28,1,1.0
스트릿츄러스,11470,18,1,1.0
스트릿츄러스,11500,18,1,1.0
스트릿츄러스,11530,15,1,1.0
스트릿츄러스,11545,10,1,1.0
스트릿츄러스,11560,13,1,1.0
스트릿츄러스,11590,14,1,1.0
스트릿츄러스,11620,16,1,1.0
스트릿츄러스,11650,20,1,1.0
스트릿츄러스,11680,29,1,1.0
스트릿츄러스,11710,29,1,1.0
스트릿츄러스,11740,19,1,1.0
심봉사도로케,11110,19,1,1.0
심봉사도로케,11140,25,1,1.0
심봉사도로케,11170,16,1,1.0
심봉사도로케,11200,13,1,1.0
심봉사도로케,11215,16,1,1.0
심봉사도로케,11230,14,1,1.0
심봉사도로케,11260,13,1,1.0
심봉사도로케,11290,17,1,1.0
심봉사도로케,11305,7,1,1.0
심봉사도로케,11320,16,1,1.0
심봉사도로케,11350,13,1,1.0
심봉사도로케,11380,18,1,1.0
심봉사도로케,11410,17,1,1.0
심봉사도로케,11440,28,1,1.0
심봉사도로케,11470,18,1,1.0
심봉사도로케,11500,18,1,1.0
심봉사도로케,11530,15,1,1.0
심봉사도로케,11545,10,1,1.0
심봉사도로케,11560,13,1,1.0
심봉사도로케,11590,14,1,1.0
심봉사도로케,11620,16,1,1.0
심봉사도로케,11650,20,1,1.0
심봉사도로케,11680,29,1,1.0
심봉사도로케,11710,29,1,1.0
심봉사도로케,11740,19,1,1.0
올드몬트베이글,11110,19,1,1.0
올드몬트베이글,11140,25,1,1.0
올드몬트베이글,11170,16,1,1.0
올드몬트베이글,11200,13,1,1.0
올드몬트베이글,11215,16,1,1.0
올드몬트베이글,11230,14,1,1.0
올드몬트베이글,11260,13,1,1.0
올드몬트베이글,11290,17,1,1.0
올드몬트베이글,11305,7,1,1.0
올드몬트베이글,11320,16,1,1.0
올드몬트베이글,11350,13,1,1.0
올드몬트베이글,11380,18,1,1.0
올드몬트베이글,11410,17,1,1.0
올드몬트베이글,11440,28,1,1.0
올드몬트베이글,11470,18,1,1.0
올드몬트베이글,11500,18,1,1.0
올드몬트베이글,11530,15,1,1.0
올드몬트베이글,11545,10,1,1.0
올드몬트베이글,11560,13,1,1.0
올드몬트베이글,11590,14,1,1.0
올드몬트베이글,11620,16,1,1.0
올드몬트베이글,11650,20,1,1.0
올드몬트베이글,11680,29,1,1.0
올드몬트베이글,11710,29,1,1.0
올드몬트베이글,11740,19,1,1.0
크리스피크림,11110,19,1,1.0
크리스피크림,11140,25,1,1.0
크리스피크림,11170,16,1,1.0
크리스피크림,11200,13,1,1.0
크리스피크림,11215,16,1,1.0
크리스피크림,11230,14,1,1.0
크리스피크림,11260,13,1,1.0
크리스피크림,11290,17,1,1.0
크리스피크림,11305,7,1,1.0
크리스피크림,11320,16,1,1.0
크리스피크림,11350,13,1,1.0
크리스피크림,11380,18,1,1.0
크리스피크림,11410,17,1,1.0
크리스피크림,11440,28,1,1.0
크리스피크림,11470,18,1,1.0
크리스피크림,11500,18,1,1.0
크리스피크림,11530,15,1,1.0
크리스피크림,11545,10,1,1.0
크리스피크림,11560,13,1,1.0
크리스피크림,11590,14,1,1.0
크리스피크림,11620,16,1,1.0
크리스피크림,11650,20,1,1.0
크리스피크림,11680,29,1,1.0
크리스피크림,11710,29,1,1.0
크리스피크림,11740,19,1,1.0
파리바게뜨,11110,19,1,1.0
파리바게뜨,11140,25,1,1.0
파리바게뜨,11170,16,1,1.0
파리바게뜨,11200,13,1,1.0
파리바게뜨,11215,16,1,1.0
파리바게뜨,11230,14,1,1.0
파리바게뜨,11260,13,1,1.0
파리바게뜨,11290,17,1,1.0
파리바게뜨,11305,7,1,1.0
파리바게뜨,11320,16,1,1.0
파리바게뜨,11350,13,1,1.0
파리바게뜨,11380,18,1,1.0
파리바게뜨,11410,17,1,1.0
파리바게뜨,11440,28,1,1.0
파리바게뜨,11470,18,1,1.0
파리바게뜨,11500,18,1,1.0
파리바게뜨,11530,15,1,1.0
파리바게뜨,11545,10,1,1.0
파리바게뜨,11560,13,1,1.0
파리바게뜨,11590,14,1,1.0
파리바게뜨,11620,16,1,1.0
파리바게뜨,11650,20,1,1.0
파리바게뜨,11680,29,1,1.0
파리바게뜨,11710,29,1,1.0
파리바게뜨,11740,19,1,1.0
핫브레드 ,11110,19,1,1.0
핫브레드 ,11140,25,1,1.0
핫브레드 ,11170,16,1,1.0
핫브레드 ,11200,13,1,1.0
핫브레드 ,11215,16,1,1.0
핫브레드 ,11230,14,1,1.0
핫브레드 ,11260,13,1,1.0
핫브레드 ,11290,17,1,1.0
핫브레드 ,11305,7,1,1.0
핫브레드 ,11320,16,1,1.0
핫브레드 ,11350,13,1,1.0
핫브레드 ,11380,18,1,1.0
핫브레드 ,11410,17,1,1.0
핫브레드 ,11440,28,1,1.0
핫브레드 ,11470,18,1,1.0
핫브레드 ,11500,18,1,1.0
핫브레드 ,11530,15,1,1.0
핫브레드 ,11545,10,1,1.0
핫브레드 ,11560,13,1,1.0
핫브레드 ,11590,14,1,1.0
핫브레드 ,11620,16,1,1.0
핫브레드 ,11650,20,1,1.0
핫브레드 ,11680,29,1,1.0
핫브레드 ,11710,29,1,1.0
핫브레드 ,11740,19,1,1.0
호두당,11110,19,1,1.0
호두당,11140,25,1,1.0
호두당,11170,16,1,1.0
호두당,11200,13,1,1.0
호두당,11215,16,1,1.0
호두당,11230,14,1,1.0
호두당,11260,13,1,1.0
호두당,11290,17,1,1.0
호두당,11305,7,1,1.0
호두당,11320,16,1,1.0
호두당,11350,13,1,1.0
호두당,11380,18,1,1.0
호두당,11410,17,1,1.0
호두당,11440,28,1,1.0
호두당,11470,18,1,1.0
호두당,11500,18,1,1.0
호두당,11530,15,1,1.0
호두당,11545,10,1,1.0
호두당,11560,13,1,1.0
호두당,11590,14,1,1.0
호두당,11620,16,1,1.0
호두당,11650,20,1,1.0
호두당,11680,29,1,1.0
호두당,11710,29,1,1.0
호두당,11740,19,1,1.0
호밀호두,11110,19,1,1.0
호밀호두,11140,25,1,1.0
호밀호두,11170,16,1,1.0
호밀호두,11200,13,1,1.0
호밀호두,11215,16,1,1.0
호밀호두,11230,14,1,1.0
호밀호두,11260,13,1,1.0
호밀호두,11290,17,1,1.0
호밀호두,11305,7,1,1.0
호밀호두,11320,16,1,1.0
호밀호두,11350,13,1,1.0
호밀호두,11380,18,1,1.0
호밀호두,11410,17,1,1.0
호밀호두,11440,28,1,1.0
호밀호두,11470,18,1,1.0
호밀호두,11500,18,1,1.0
호밀호두,11530,15,1,1.0
호밀호두,11545,10,1,1.0
호밀호두,11560,13,1,1.0
호밀호두,11590,14,1,1.0
호밀호두,11620,16,1,1.0
호밀호두,11650,20,1,1.0
호밀호두,11680,29,1,1.0
호밀호두,11710,29,1,1.0
호밀호두,11740,19,1,1.0
화이트리에,11110,19,1,1.0
화이트리에,11140,25,1,1.0
화이트리에,11170,16,1,1.0
화이트리에,11200,13,1,1.0
화이트리에,11215,16,1,1.0
화이트리에,11230,14,1,1.0
화이트리에,11260,13,1,1.0
화이트리에,11290,17,1,1.0
화이트리에,11305,7,1,1.0
화이트리에,11320,16,1,1.0
화이트리에,11350,13,1,1.0
화이트리에,11380,18,1,1.0
화이트리에,11410,17,1,1.0
화이트리에,11440,28,1,1.0
화이트리에,11470,18,1,1.0
화이트리에,11500,18,1,1.0
화이트리에,11530,15,1,1.0
화이트리에,11545,10,1,1.0
화이트리에,11560,13,1,1.0
화이트리에,11590,14,1,1.0
화이트리에,11620,16,1,1.0
화이트리에,11650,20,1,1.0
화이트리에,11680,29,1,1.0
화이트리에,11710,29,1,1.0
화이트리에,11740,19,1,1.0
